,adult,backdrop_path,genre_ids,id,original_language,original_title,overview,popularity,poster_path,release_date,title,video,vote_average,vote_count
0,False,/v9A7EK3DEgFTojYbIst8P9EkjVR.jpg,"[878, 53, 27]",782760,en,COVID-21: Lethal Virus,"새로운 치명적인 바이러스의 발생. 예상보다 더 빠르고, 혼란스럽고, 치명적인 바이러스는 세계를 큰 위기에 빠뜨린다. 훌륭한 젊은 과학자 앨리슨에게 이 상황을 벗어날 마지막 희망을 걸고 있는 가운데, 군대에게 마지막 임무가 주어진다. 어떤 대가를 치르더라도 앨리슨을 실험실로 인도하는 것. 과연 군대는 감염된 사람들을 피해 안전하게 맡은 바 임무를 다할 수 있을까?",16.769,/5z8wVwHtFXbRWP2dwVPTj9906HS.jpg,2021-01-01,코비드 21,False,5.6,210
1,False,/aHYUj0hICtWZ5tPiCIm6pWUcjYK.jpg,"[27, 28, 10752]",675327,en,Shadow in the Cloud,제2차 세계대전 중 최고 기밀이 들어있는 가방을 가진 여성 조종사가 폭격기에 탑승하고 승무원들은 그녀의 신원과 의문의 화물에 대해 의심하는 가운데 비행 중에 사악한 존재를 만나게 된다.,58.992,/9qY1Ubtf1CwA8Qzz1Y0cujVi7bc.jpg,2021-01-01,섀도우 클라우드,False,5.9,487
2,False,/sGIfwDYvfU0h1G7pGWEhdEi9hT2.jpg,"[9648, 80, 18]",567797,en,The Dry,"324일간 지속된 유례없는 극심한 가뭄으로 호주 전역이 메말라가던 어느 날, 연방 수사관 애런 포크는 어릴 적 고향 친구 루크의 죽음을 알리는 제리의 연락을 받고 루크의 장례식에 참석하기 위해 20년 만에 고향인 키와라로 향한다. 루크의 장례식이 끝난 후 애런을 만난 제리와 바브 부부는 아들 루크 가족의 죽음에 대한 진상을 밝혀 달라고 애런에게 부탁하는데...",22.856,/zM12bfL2TEqVRXjiQIFUWUMLcCg.jpg,2021-01-01,드라이,False,6.9,196
3,False,/7vCOBYP52Mm8Nlc09hLUtWfxHjJ.jpg,[28],767304,en,Redemption Day,전쟁 영웅 브래드 팩스턴 대위는 테러리스트들이 아내를 납치해 몸값을 요구하자 어둠의 테러 세력에 맞서 아내를 구하기 위해 테러와의 전쟁에 직접 뛰어든다.,308.54,/7wBxpRWDwF79yHRfgcDYZwpVlks.jpg,2021-01-08,리뎀션 데이,False,6.6,161
4,False,/jvRewPpawHAfBW38EzHoFdTVEez.jpg,"[16, 28, 12, 80, 14]",732450,en,Batman: Soul of the Dragon,그의 과거로부터 치명적인 위협에 직면한 브루스 웨인은 다른 세상의 도전들과 싸우기 위해 세 명의 예전 동료들의 도움을 받아야만 한다.,46.36,/uDhnTtSxU5a8DtZdbbin3aZmkmU.jpg,2021-01-12,배트맨 : 드래곤의 영혼,False,7.0,194
5,False,/jxYROBerNLUExmqFb2yArglwIHd.jpg,[27],720026,en,Butchers,휴가를 떠난 네 명의 청춘 남녀. 여행길에서 자동차가 펑크가 나 수리소를 찾던 그들은 우연히 들른 숲에서 끔찍한 살인을 저지르는 ‘가학성 토막 도살자’들을 만난다. 살인마들의 다음 타겟이 자신이란 걸 느낀 이들은 목숨 건 탈출을 시도하는데…,72.369,/ptBqEjn7R55Xr0CnbuH52Uh4FSY.jpg,2021-01-12,도살자들: 돌아온 텍사스 전기톱 살인자,False,4.9,127
6,False,/wmx5vrNH6GEpv4NLACfibZlA1bq.jpg,[18],628534,en,The White Tiger,"야심에 불타는 인도의 운전사는 부유한 젊은 부부 밑에서 차를 몬다. 하지만 기지와 간계를 발휘하며, 그는 밑바닥을 차고 올라 사업가로 변신한다. 그렇게 타고난 운명에 도전한다.",19.954,/7K4mdWaLGF2F4ASb2L12tlya9c9.jpg,2021-01-13,화이트 타이거,False,7.0,604
7,False,/gmP41e2bJcFjTzCQFmMoSvfNbxB.jpg,"[18, 36]",532865,en,The Dig,"제2차 세계대전의 전운이 드리운 시절, 어느 부유한 미망인이 아마추어 고고학자를 고용해 자신의 땅에 있는 무덤들을 발굴한다. 역사적으로 중요한 발견을 이룬 그들. 불확실한 미래가 기다리는 영국에서, 머나먼 과거의 메아리가 울려 퍼진다.",20.316,/dFDNb9Gk1kyLRcconpj7Mc7C7IL.jpg,2021-01-14,더 디그,False,6.9,762
8,False,/lOSdUkGQmbAl5JQ3QoHqBZUbZhC.jpg,"[53, 28, 878]",775996,en,Outside the Wire,가까운 미래 치열한 접전 지역. 드론 조종사가 원치 않게 이곳에 파견된다. 그의 지휘관은 기밀 속 존재인 사이보그. 둘은 함께 핵 공격을 막는 위험한 임무에 뛰어든다.,140.964,/gGkFDz4waJJqdrnGhnaUVZZHPHR.jpg,2021-01-15,아웃사이드 더 와이어,False,6.4,1329
9,False,/aW6BLZdUe7DiainCLZKMTXMnks9.jpg,"[35, 18, 10751]",773998,pt,Pai em Dobro,모계 중심 히피 공동체에서 살아온 18살 소녀. 명상과 조화로운 삶 속에 온전함을 느낄 만도 한데 딱 하나 빈자리가 있으니 아빠가 누군지 모른다는 것. 그런데 엄마가 인도에 간다니 절호의 기회 아닌가. 나 이제 아빠 찾으러 떠난다!,15.643,/y9k5MjbLsCftyrQ4ec6bPmRtORf.jpg,2021-01-15,더블 파파,False,6.8,122
10,False,/5Zv5KmgZzdIvXz2KC3n0MyecSNL.jpg,"[28, 53, 80]",634528,en,The Marksman,"최고의 사격수였다가 은퇴한 군인 ‘짐’(리암 니슨)은 애리조나 국경 지역을 지키며 조용한 말년을 보내고 있다. 어느 날, 우연히 멕시코 마약 카르텔에 쫓기는 모자를 구해주지만 무자비한 놈들의 공격에 소년의 어머니가 숨을 거둔다. 소년을 시카고에 있는 친척에게 데려가 달라는 그녀의 마지막 부탁을 외면할 수 없었던 ‘짐’은 길을 나서고 마약 카르텔의 표적이 되어 숨막히는 추격전을 벌이는데…",259.181,/f72kG7cFnu1XXVtKnk3hzLxPZO8.jpg,2021-01-15,마크맨,False,7.1,974
11,False,/4kIRrW1AlHP5Idne8CPHeQt8nR5.jpg,"[16, 10751, 35, 14]",550205,en,Wish Dragon,요술램프 속 지니? 아니 이 몸은 찻주전자 속의 위시 드래곤이란 말씀. 근데 천 년 만에 만난 주인이 이렇게 순박한 너라니. 한 가지 소원은 아까 들어줬고... 빨리 다음 소원이나 말해봐.,191.324,/lnPf6hzANL6pVQTxUlsNYSuhT5l.jpg,2021-01-15,위시 드래곤,False,8.2,679
12,False,/2dWWf6qjVU0TklCUKCUra1Yqfz3.jpg,[18],618416,en,Penguin Bloom,다시는 걸을 수 없다. 가족도 힘이 되지 못한다. 사고로 장애가 생긴 여자. 그 삶에 상처 입은 까치 한 마리가 찾아든다. 작은 날개에 희망을 싣고. 실화에 기반한 영화.,39.906,/iUn7594Rwfstu5njA8hf9WQIcFi.jpg,2021-01-21,펭귄 블룸,False,7.1,144
13,False,/ldUfP9TCStQrvc8aVZ5F5Sv7hTg.jpg,"[878, 35, 27]",670428,en,Psycho Goreman,80년대 후반과 90년대 초반의 배경으로 어느날 주인공 소녀 '미미'와 '루크'가 수백만년 전 우주를 파괴하려는 시도를 했다가 실패한 후에 지구에 묻힌 고대 외계인 지배자를 부활시키게 되면서 벌어지는 이야기,38.54,/foQnDv051kQ7satMQkbkPsUxzkD.jpg,2021-01-22,싸이코 고어맨,False,6.1,178
14,False,/jnq4fV53Px9HvUZD2bQIxtGSwS7.jpg,"[80, 18, 28]",644083,en,Twist,,87.763,/7sXthW46RwmPBdacGHnhOzLv40d.jpg,2021-01-22,트위스트,False,6.1,124
15,False,/6XVqVAMOsKL5C26pHesiAawuGYW.jpg,"[27, 53]",630586,en,Wrong Turn,"젠(샬롯 베가)과 그녀의 다섯 절친들은 버지니아의 마을 애팔레치안에서 하이킹과 캠핑을 하고 있다. 남북전쟁 요새를 방문하러 가는 길에 경로를 벗어났다는 걸 알았을 때 그들은 ‘재단’이라 불리는 공동체 마을을 우연히 발견하게 된다. 그곳 사람들은 1800년대 이후, 미국 전역으로부터 자신들을 차단한 채 산 중턱에서 정착하여 살아가고 있었다. 결국 외딴곳에서 외부 영향으로부터 자신들을 보호하기 위해 그 어떤 일도 서슴없이 저지르는 마을 주민들과 엮이며 끔찍한 사건에 휘말리게 되는데...",134.989,/bHtwQS2Egb2T9GPRAT0aiZLWgdt.jpg,2021-01-26,데드 캠프: 리부트,False,6.0,591
16,False,/vfuzELmhBjBTswXj2Vqxnu5ge4g.jpg,"[53, 80, 18]",602269,en,The Little Things,"캘리포니아의 작은 마을 케른 카운티의 부보안관 조 디콘은 LA 강도사건의 용의자인 켄드릭스의 증거물을 가지러 LASD로 향한다. 하지만 증거물을 내일 인계할 수 있다는 답변을 들은 조는 하룻밤을 그곳에서 머무르게 된다. 한편 2달 만에 4명의 여자를 잔인하게 살해한 연쇄 살인범을 추적하는 수사 책임자 짐 백스터는 아무런 단서나 용의자를 찾지 못하고 있다. 조 디콘이 과거 유명한 강력계 형사였다는 사실을 알게 된 짐은 오래전 함께 근무했던 형사 샐과 만나고 있는 디콘에게 5번째 희생자 줄리의 살인 현장에 함께 가서 도움을 달라고 요청한다. 디콘은 피가 난무한 잔인한 살인 현장에서 과거 자신의 모습이 떠오르고 또다시 사건에 집착하기 시작한다. 디콘은 휴가를 내고 감식반 플로를 통해 희생자의 관련 파일을 입수한다. 얼마 후 론다에 대한 실종 신고가 접수되고 또다시 6번째 희생자가 발생한다. 그러던 어느 날, 사건에 집요하게 매달리던 디콘은 어플라이언스 가전제품 매장에 근무하는 직원 앨버트를 유력한 용의자로 지목하는데...",90.122,/tLO1aD1ghdtVMT32z2sRmzgYKYd.jpg,2021-01-28,더 리틀 띵스,False,6.4,1320
17,False,/xLsM5yTg9he5PWXXbrwzw1Wg8xp.jpg,"[10749, 18]",722913,en,Malcolm & Marie,"영화 개봉은 성공적이었다. 모두가 감독을 칭찬했다. 그런데 그의 여자 친구는 왜 못마땅한 걸까. 화려한 파티가 끝나고 집에 돌아온 후, 둘 사이에서 긴장이 끓어오른다.",30.215,/bdidDnAZwchN5vTenoNuhGPJTri.jpg,2021-01-29,맬컴과 마리,False,7.1,940
18,False,/yImmxRokQ48PD49ughXdpKTAsAU.jpg,"[28, 12, 35, 10751]",644092,en,Finding 'Ohana,"우리 고향은 뉴욕인데? 할아버지가 사는 오아후섬으로 간 남매. 그들은 사라진 보물을 찾는 아찔한 모험을 하며 깨닫는다. 하와이가 어떤 곳인지, 가족이 얼마나 소중한지.",73.3,/tTWl37oAYRXS3D5mEHmjveXXyrN.jpg,2021-01-29,알로하! 오하나를 찾아서,False,6.5,276
19,False,/BjLgTDAcZc94KomcQAxMVye0yI.jpg,"[18, 10749]",642208,en,Supernova,20년이 넘게 연인으로 살아온 샘과 터스커. 두 사람은 낡은 캠핑카를 타고 영국을 여행하며 그동안 못 만났던 친구와 가족들을 방문하기로 한다. 얼마 전 초기 치매 진단을 받은 터스커에게 지금까지의 삶을 돌아볼 시간이 필요했기 때문이다. 그리고 터스크의 곁을 변함 없이 지키는 샘은 사랑하고 싸우는 모든 시간들을 소중히 기억하려 한다.,29.298,/4TtZUPcVQj4yWn8UoUQP3jG0W5q.jpg,2021-01-29,슈퍼노바,False,7.1,137
20,False,/6TPZSJ06OEXeelx1U1VIAt0j9Ry.jpg,"[28, 80, 53]",587996,es,Bajocero,"혹한의 밤 산간 도로를 달리던 죄수 호송 차량이 불의의 습격을 당한다. 겨우 살아남지만 재소자들과 차량에 갇힌 경관 마르틴. 차 안에는 탈출을 감행하려는 재소자들이, 밖에는 정체불명의 공격자가 도사리고 있다. 어떻게 벗어날 것인가.",119.616,/4SEAkDj7nflDPqCwD1LxrGkldTt.jpg,2021-01-29,빌로우제로,False,6.4,659
21,False,/bjjZXrP8PEdFeJkKERc62xlarMI.jpg,[18],581734,en,Nomadland,"경제적 붕괴로 도시 전체가 무너진 후 홀로 남겨진 펀. 추억이 깃든 도시를 떠나 작은 밴과 함께 한 번도 가보지 않은 낯선 길 위의 세상으로 떠난다. 그곳에서 펀은 각자의 사연을 가진 노매드들을 만나게 되고, 광활한 자연과 길 위에서의 삶을 스스로 선택한 그들과 만나고 헤어지며 다시 살아가기 위한 여정을 시작하는데…",27.024,/2lnN8CLojSJoXbafAYshHhaNQCM.jpg,2021-01-29,노매드랜드,False,7.3,1796
22,False,/bblKpucB0XbyQBmfXsaRN985Rgh.jpg,[18],458220,en,Palmer,학창 시절 미식축구 스타였던 에디 파머. 12년의 수감 생활을 마치고 돌아간 고향에서 가족으로부터 버림받은 소년 샘과 예상치 못하게 인연을 맺게 된다. 그러나 에디의 과거가 새로운 삶과 가족을 위협하게 되는데...,42.01,/xSDdRAjxKAGi8fUBLOqSrBhJmF0.jpg,2021-01-29,파머,False,8.1,669
23,False,/eSl9MRMvWJ0Hm5yePHgsRhFtPTw.jpg,"[878, 10749, 18]",613911,en,Bliss,"블리스'는 현실을 초월하는 사랑 이야기로, 최근에 이혼과 실직을 겪은 그레그(오언 윌슨)는 거리에 사는 수상한 여인 이저벨(살마 하이에크)을 만나 그들이 사는 타락한 세계가 컴퓨터 시뮬레이션임을 깨닫는다. 처음엔 의심했던 그레그도 이저벨의 터무니없는 이야기가 사실일지도 모른다고 생각하는데..",30.339,/tbTiSr0v9g8Q34MIeIcT0o2vGus.jpg,2021-02-05,블리스,False,5.5,408
24,False,/drulhSX7P5TQlEMQZ3JoXKSDEfz.jpg,"[18, 14, 878]",581389,ko,승리호,"2092년, 지구는 병들고 우주 위성궤도에 인류의 새로운 보금자리인 UTS가 만들어졌다. 돈 되는 일이라면 뭐든 하는 조종사 태호, 과거 우주 해적단을 이끌었던 장선장, 갱단 두목이었지만 이제는 기관사가 된 타이거 박, 평생 이루고 싶은 꿈을 가진 작살잡이 로봇 업동이, 이들은 우주쓰레기를 주워 돈을 버는 청소선 승리호의 선원들이다. 어느 날 사고 우주정을 수거한 승리호는 그 안에 숨어있던 대량살상무기로 알려진 인간형 로봇 도로시를 발견한다. 돈이 절실한 선원들은 도로시를 거액의 돈과 맞바꾸기 위한 위험한 거래를 계획하는데...",99.669,/vOefWMYqC1S3aiCTD5MD8HeXl0Y.jpg,2021-02-05,승리호,False,7.2,682
25,False,/y0SiXoTLQp93NbLQ4XhgVz18UAS.jpg,"[16, 28, 14]",663558,zh,新神榜：哪吒重生,오토바이 레이서이자 배달원과 지역유지의 아들 사이에서 생긴 갈등으로 인해 삼천년전 그들이 가문간 원수지간이었다는 사실이 밝혀지면서 일어나는 이야기,104.605,/a8AwGuBb99TU45jxh6dKyuJ0uvf.jpg,2021-02-06,신신방: 나타중생,False,8.3,236
26,False,/3GgkzCDq6KYpcmJmcOKh27hYRyj.jpg,"[12, 16, 10751, 14]",588921,en,Ainbo: Spirit of the Amazon,,365.532,/l8HyObVj8fPrzacAPtGWWLDhcfh.jpg,2021-02-09,아인보: 스피릿 오브 디 아마존,False,7.2,228
27,False,/sfCptvwspPrO4RZ3y06GYyTEfE3.jpg,"[18, 53]",644583,en,The Mauritanian,"변호사 낸시는 모두가 꺼리는 한 남자의 변호를 맡게 된다. 그는 9.11 테러의 핵심 용의자로 지목되어 기소는 물론, 재판도 없이 6년 동안 수용소에 수감되어 있는 슬라히다. 냉정하고 완고하기로 소문난 군검찰관 코치 중령은 강력한 증거들을 내밀며 그의 유죄를 확신하고 그의 무죄를 주장하는 낸시와 동료 테리는 국가 기밀이란 이유로 은폐된 진실 앞에서 번번히 좌절하는데...",48.239,/rxB9gOd8xWH0bs9tW03dlBlNsb3.jpg,2021-02-10,모리타니안,False,7.5,560
28,False,/82cTBG4ly5fltYI7aA0YMzLMbjy.jpg,"[35, 10749]",787298,pl,Miłość do kwadratu,"광고 촬영 중에 신비로운 모델을 만난 스타 언론인. 교사가 본업이지만 아빠 빚 때문에 모델 부업을 뛰는 그녀에게 반한다. 덕분에 그간의 인생 선택을 돌아보기까지. 플레이보이로 무책임하게 살아온 삶, 이제 바꿔볼까?",18.938,/lKcVQet0SGL7zhsce6bdl3NwxRD.jpg,2021-02-11,스퀘어드 러브,False,6.2,217
29,False,/7KL4yJ4JsbtS1BNRilUApLvMnc5.jpg,[53],649087,sv,Red Dot,아내의 임신 후 사이가 멀어지기 시작한 부부. 관계를 회복하기 위해 산속으로 둘만의 하이킹 여행을 떠난다. 하지만 그들의 텐트에 드리운 죽음의 그림자. 누군가 그들에게 총구를 겨눈다. 그들을 죽여야만 하는 정체불명의 누군가가.,92.086,/xZ2KER2gOHbuHP2GJoODuXDSZCb.jpg,2021-02-11,레드 닷,False,5.9,549
30,False,/9ns9463dwOeo1CK1JU2wirL5Yi1.jpg,"[35, 10751, 16]",587807,en,Tom & Jerry,"생쥐 제리는 성대한 결혼식이 열리게 될 뉴욕의 한 고급 호텔로 이사를 오게 되고, 이벤트 플래너 카일라는 제리를 잡기 위해서 고양이 톰을 고용한다. 하지만 우당탕탕 사고뭉치들의 역대급 대소동은 카일라의 커리어는 물론 결혼식과 호텔까지도 위험에 빠뜨리게 되는데…",241.434,/rYoITBMgw14m4cucXNOAw3qBS6c.jpg,2021-02-11,톰과 제리,False,7.1,1846
31,False,/gg9zZB9xLPWmuxOpKw0HX0QLMN6.jpg,"[14, 10749]",672647,en,The Map of Tiny Perfect Things,"단조로운 삶과 벗어날 수 있다는 희망에서 의미를 찾고, 작고, 놓칠 수 있는 순간들을 함께하면서 발견하게 된다.",23.356,/6y3ev0rJFbHA1hU22UPmmfzBjrG.jpg,2021-02-12,아주 작고 완벽한 것들의 지도,False,7.2,450
32,False,/jFINtstDUh0vHOGImpMAmLrPcXy.jpg,"[28, 27, 35]",643586,en,Willy's Wonderland,차가 고장난 주인공이 수리비 대신에 버려진 테마파크에서 하룻밤 청소부로 일하며 악령이 씐 인형 로봇들을 상대로 사투를 벌이는 이야기,109.926,/keEnkeAvifw8NSEC4f6WsqeLJgF.jpg,2021-02-12,윌리의 원더랜드,False,6.5,392
33,False,/bKCpRjjTKcr3KAITmwjVMobbBYg.jpg,[18],615643,en,Minari,"낯선 미국에서 병아리를 감별하며 생계를 이어가던 제이콥과 모니카. 딸 앤과 아들 데이빗에게 아버지로서 뭔가 해내는 모습을 보여주고 싶은 제이콥은 아칸소로 이주해 자신의 농장을 가꾼다. 모니카는 낡은 컨테이너에서 생활하며 농장 일에만 몰두하는 제이콥이 못마땅하지만 그저 그의 결정을 지켜볼 뿐이다. 아칸소에서의 적적하고 고된 삶에 지친 모니카는 엄마 순자를 미국으로 모신다. 한약, 멸치, 미나리 씨 등을 잔뜩 챙겨온 순자는 여느 할머니와 달리 요리도 하지 않고 프로레슬링을 즐겨 본다. 앤과 데이빗은 그런 할머니가 낯설지만, 못된 장난까지 사랑으로 포용하는 할머니와 점점 가까워진다.",19.696,/dAgKlKOFlzHkrGhuqsgftrrh4F7.jpg,2021-02-12,미나리,False,7.4,894
34,False,/qjhcTGnjxYJqwBGlDzZkYWmne6e.jpg,"[10749, 35, 18]",614409,en,To All the Boys: Always and Forever,"한국으로 가족 여행을 다녀왔다. 대학 입시는 결과만 기다리면 된다. 고등학교 졸업을 앞둔 라라 진. 하지만 새로운 고민이 시작된다. 나의 미래, 거기에도 피터가 있을까?",50.824,/iepqdM52f4w75fNcvgRF5QoIAjm.jpg,2021-02-12,내가 사랑했던 모든 남자들에게: 언제나 그리고 영원히,False,7.8,1439
35,False,/tATpHG3CjsBCsNXZBcHHE2gZjBy.jpg,"[18, 28, 14]",611698,zh,刺杀小说家,6년 전 실종된 딸을 찾고 있는 관녕. 어느 날 그의 앞에 묘령의 여인 투링이 나타나 소설 작가인 로공문을 죽이면 딸을 찾을 수 있게 도와준다는 거래를 제안한다. 이에 관녕은 그녀의 위험한 제안을 수락하고 로공문을 죽이기 위해 접근한다.,23.291,/f0liEVpjxFVFiEZigiG7ZqUfYdt.jpg,2021-02-12,척살소설가,False,7.4,112
36,False,/vxZaw8C5w4XlYEPtptzKJ7lBIFH.jpg,"[53, 27, 18]",599281,en,Fear of Rain,"정신분열증을 앓고 있는 10대 소녀 ‘레인’ 어느 날, 옆집에 살고 있는 학교 선생님의 다락방에 감금되어 있는 어린 소녀를 보고 납치라고 의심하기 시작한다. 누구도 그녀의 말을 믿어주지 않지만 유일하게 전학생 ‘케일럽’만이 그녀를 믿고 도와준다. ‘레인’은 진실을 파헤치기 위해 몰래 옆집으로 들어가게 되는데…! 과연 소녀의 정체는 무엇일까?",41.736,/5hmaACPJfI2M0v38DeltW3dSggT.jpg,2021-02-12,피어 오브 레인,False,7.2,307
37,False,/2ZzmfwgvVh2KLH4A8HMzX5TytAc.jpg,[18],598896,en,Land,불의의 사고로 가족을 잃고 정상적인 일상 생활이 어려워진 ‘이디’(로빈 라이트)가 광활하고 거친 산속에서 다시 홀로서기 위한 여정을 시작하는 이야기,20.069,/aN8hODNIw4hVWrTmFcveVQS1rEg.jpg,2021-02-12,랜드,False,7.0,113
38,False,/fatz1aegtBGh7KS0gipcsw9MqUn.jpg,"[18, 36]",583406,en,Judas and the Black Messiah,1968년 FBI는 흑표당 일리노이주 지부장으로서 투쟁을 이끄는 20살의 대학생 프레드 햄프턴을 국가 안보를 위협하는 대중 정치 선동가로 지목해 그를 감시하기 위한 정보원을 잠입시키기로 한다. 한편 차를 절도하다 체포된 윌리엄 오닐은 FBI 요원에게 7년 간 감옥에서 썩을 것인지 아니면 흑표당에 잠입해 햄프턴을 감시할 것인지 제안 받는데...,18.42,/9XiJWDqsaO2T4SRhKLgWkANvwhK.jpg,2021-02-12,유다 그리고 블랙 메시아,False,7.5,839
39,False,/2NsQRnSEVrQHeqiLXQx5QrQ9iXv.jpg,"[10749, 18, 37]",506281,en,The World to Come,"19세기 중반 미국 동해안 국경의 어딘가에서 이웃에 살고 있는 두 부부가 고난과 고립에 맞서 싸운다. 아름답지만 척박한 자연 환경은 그들을 육체적, 정신적으로 시험한다.",31.983,/j64CnpmbaKB90Cpprk5hM9kHyJI.jpg,2021-02-12,다가올 세상,False,7.2,158
40,False,/7XZsVVnqTsMJXg3J4CHzeV2Lro9.jpg,"[28, 35, 18]",663870,da,Retfærdighedens ryttere,"가족과 떨어진 채 지내던 현직 군인 마르쿠스(매즈 미켈슨)는 열차 사고로 갑작스럽게 아내를 잃고 실의에 빠져있던 중, 아내의 죽음에 얽힌 사고가 계획된 범죄였음을 알게 된다. 분노가 폭발한 마르쿠스는 범인들을 뒤쫓아 목숨을 건 추격전을 시작하고 자신만의 잔혹한 정의로 그들을 심판하기로 하는데…",16.51,/AkXOLyA0hZU23Zf2BpcmxKVLsOU.jpg,2021-02-18,라이더스 오브 저스티스,False,7.4,232
41,False,/wsqeMBw7ISNLvAD6EK0xwarJsrH.jpg,"[35, 18, 10751]",765169,es,BIA: Un Mundo al Revés,,46.966,/eIxLHFMAsdbZGZws0duowTa4N6k.jpg,2021-02-19,BIA: Un Mundo al Revés,False,7.9,106
42,False,/tHjoTxM4SMgazi3Y2X8mmAtONVL.jpg,"[10751, 12, 35, 14]",621876,en,Flora & Ulysses,"슈퍼 히어로 만화의 광팬이자, 부모의 별거로 인해 스스로를 천성이 냉소적이라고 자처하는, 열 살 소녀 플로라의 이야기를 그리고 있다. 우연히 구출해낸 다람쥐를 율리시스라고 이름 지은 플로라는 그 다람쥐가 특별한 초능력을 가졌다는 사실을 깨닫고 놀라게 된다. 초능력 다람쥐로 인해 시시때때로 웃음을 자아내는 좌충우돌 모험에 휘말리게 되면서, 급기야는 플로라의 삶과, 삶을 바라보는 시선까지도 영원히 변하게 된다.",65.866,/syobJCxZcIJl0OpjNroZSQKa1kW.jpg,2021-02-19,초능력 다람쥐 율리시스,False,6.7,158
43,False,/sLK03Ed0D8EOoqLFBjrOcYSz8Tm.jpg,"[80, 53, 18]",579051,en,Silk Road,"통제는 억압이라 생각하는 상위 1% 비합법적 천재 ‘로스’. 뛰어난 두뇌와 치밀한 계획으로 비트코인을 이용해 흔적 없이 마약 쿨거래가 가능한 다크 웹사이트 ‘실크로드’를 만든다. ‘실크로드’로 돈맛을 알고 세상을 향한 X를 날렸다고 생각한 바로 그 순간, 정체불명 누군가가 말을 걸어오는데…",37.376,/sDF28VJ1obkxZ2UPm9BYvGdf5vS.jpg,2021-02-19,실크 로드,False,6.8,113
44,False,/1Yc5hIRh3skhsEKLbCHE7v1FBOa.jpg,"[28, 878, 53]",513310,en,Boss Level,"늘 똑같은 아침 7시가 되면 일어나 정체모를 킬러들과 숨막히는 추격전을 벌여야하는 남자 '로이'.  무한 타임루프 속에서 매일 죽고 살기를 반복하다 불현듯 그의 숨겨진 액션 본능이 눈을 뜨게 되는데...  145번째 아침, 오늘부턴 내가 킬러가 된다!",38.573,/3XgBdc3P3b8QLFD7HCBYyKTDNi3.jpg,2021-02-19,리스타트,False,6.9,777
45,False,/psTz3J2QXVKTQCGrPDFuC4kAOLb.jpg,"[16, 35, 10751, 9648, 12, 14]",682254,en,Scooby-Doo! The Sword and the Scoob,,68.791,/sCoG0ibohbPrnyomtzegSuBL40L.jpg,2021-02-22,Scooby-Doo! The Sword and the Scoob,False,7.9,128
46,False,/t0kHIE4ERtw3h4qwTSmzt5LyhRY.jpg,[99],785976,pt,Pelé,"정치적으로 암울했던 시기의 브라질에서 온 국민에게 희망의 등불이 되어준 전설적 축구선수 펠레. 가난한 소년에서 혜성처럼 등장한 신예 스타, 나아가 모두가 추앙하는 국민적 영웅이 되기까지 그가 지나온 여정을 함께 걸어본다.",25.241,/cVKAep8V6rrFh0IhABC0bkzjwK5.jpg,2021-02-23,펠레,False,7.5,108
47,False,/ovggmAOu1IbPGTQE8lg4lBasNC7.jpg,[878],412656,en,Chaos Walking,"모든 생각이 실시간으로 노출되는 노이즈에 감염된 세상 뉴 월드. 토드는 이곳에 불시착한 의문의 유입자 바이올라와 마주하게 된다. 혼돈의 세상 속 숨겨진 비밀에 의문을 품은 두 사람은 뉴 월드를 탈출할 계획을 세우고, 뉴 월드의 통치자 데이비드는 위험을 직감하고 이들을 추격하기 위해 모든 수단을 동원하는데…",132.507,/jlmuSzTXOppShgYZbeetWTFTi6P.jpg,2021-02-24,카오스 워킹,False,6.8,1370
48,False,/4qu4kO5HVTKMK2hvmCXeviZ233l.jpg,"[35, 80, 18]",741228,en,Locked Down,,41.208,/svHelD0Hb3TXPAQoPsoBwdDMTvf.jpg,2021-02-25,락키드 다운,False,5.5,129
49,False,/jST0q4EMty2kYyggxxwvsjpHPOs.jpg,[27],676845,es,Juega Conmigo,"언니가 일하는 집에 보모로 취직한 소피아. 하지만 말썽꾸러기 아이들을 돌보는 일은 결코 쉽지 않다. 부모가 집을 비운 어느 밤, 소피아와 두 아이만 남은 집에 악령이 찾아와 위협하고 소피아는 아이들을 지키기 위해 무서운 게임을 시작하면서 자신의 과거와 대면하게 되는데...",118.116,/iM5kNvZzcMSmWv7CFTxnTu5zfoa.jpg,2021-02-25,같이 놀아줘,False,7.2,137
50,False,/y7b78soqvJq4aQ8G0Zt72inSQoE.jpg,"[35, 10749]",778730,es,Loco por ella,"하룻밤 사이에 사랑에 빠진 남자. 마음을 고백하기 위해 그녀가 사는 정신병원에 입원하기로 한다. 하지만 막상 병원에 들어가자 하염없이 꼬이기 시작하는 계획. 여기, 퇴원하는 게 말처럼 쉽지 않네?",38.995,/mVcOR5f1bKhqSWWxViOfmOJ7aqc.jpg,2021-02-26,미치도록 사랑해,False,7.3,340
51,False,/8ys6VgwZCIQ7nN4Nv4z7GPPuFMv.jpg,"[99, 10402]",654754,en,Billie Eilish: The World's a Little Blurry,"첫 등장부터 전 세계를 놀라게 했던 빌리 아일리시. 수상에 빛나는 감독 R.J. 커틀러는 무대 위와 밖에서 이 비범한 10대 아티스트를 가까이에서 포착하며, 그 여정의 시작부터 따라가본다",14.601,/bDQ95W5LPHW9FHlPj3QX3jvM9Z7.jpg,2021-02-26,빌리 아일리시: 조금 흐릿한 세상,False,8.7,202
52,False,/6SP1bFfoXhW7Ni7fPw5GjY7ACBS.jpg,[18],600354,en,The Father,"나는 런던에서 평화롭게 삶을 보내고 있었다. 무료한 일상 속 나를 찾아오는 건 딸 앤뿐이다. 그런데 앤이 갑작스럽게 런던을 떠난다고 말한다. 그 순간부터 앤이 내 딸이 아닌 것처럼 느껴졌다. 잠깐, 앤이 내 딸이 맞기는 한 걸까?",56.409,/8xc8OfJdNLGRzVbqT4gqYdYfhj2.jpg,2021-02-26,더 파더,False,8.2,1569
53,False,/gFDOQMQwo5UWegXE5kNEchn1eKx.jpg,"[53, 80, 18]",580532,en,Crisis,"묵살되는 진실  중독성이 없는 진통제를 출시하려는 제약회사의 추악한 진실을 알게 된 대학 교수  무너지는 희망 싸늘한 시체가 되어 돌아온 아들. 그 죽음의 배후를 찾아나선 엄마  끝이 없는 싸움 걷잡을 수 없는 시장, 국제마약밀매단을 잡기 위해 언더커버가 된 요원  전쟁보다 더 많은 사람들이 죽어가는 시대 우리는 중독되고 있다",107.178,/24wqvIoCHiuFBjbn1OrPcZVS40X.jpg,2021-02-26,크라이시스,False,6.4,155
54,False,/uQtqiAu2bBlokqjlURVLEha6zoi.jpg,"[18, 80]",544401,en,Cherry,"대학을 관두고 입대하며 이라크로 가게 된 의무병 체리(톰 홀랜드). 그가 유일하게 마음 둘 곳은 사랑하는 연인 에밀리(시애라 브라보), 하나다. 그러나 전쟁 트라우마를 안고 돌아온 그의 삶은 마약과 범죄로 얼룩지고, 세상에 그가 자리할 곳을 찾기 위한 고군분투가 이어진다.",96.318,/pwDvkDyaHEU9V7cApQhbcSJMG1w.jpg,2021-02-26,체리,False,7.5,798
55,False,/vDR2h5uQNgWyx3fsEVnEOcNFibZ.jpg,"[80, 53]",801335,en,Girl in the Basement,,98.893,/qmddUxRwbsxHa7oEXm4PWh1KZe8.jpg,2021-02-27,Girl in the Basement,False,8.1,273
56,False,/mtiV9I1OswrwfMT2yWa3HRDgQXP.jpg,"[18, 10749, 16]",779047,en,Us Again,,9.212,/zKnenwvQB6xA4mxc8zxL2S8qVbR.jpg,2021-03-03,어스 어게인,False,8.1,193
57,False,/eBGKU0ZLJmxtVtzESTB1mfllX1J.jpg,"[80, 28, 53]",630004,en,The Vault,"인양 사업을 하는 '월터'는 깊은 바다 속에서 보물 좌표가 새겨진 동전을 발견한다. 하지만 그 자리에서 스페인 정부에게 빼앗기고, 동전이 스페인 은행에 있는 금고로 옮겨진다는 것을 알게 된다. 200년 전 최고의 공학자들에 의해 완성된 후 형태를 비롯해 어떠한 원리로 작동되는지 알 수 없어 난공불략이라 불리는 스페인 은행의 금고. 해답은 물론 문제조차도 알 수 없는 '월터'는 동전을 되찾기 위해 비상한 두뇌를 지닌 대학생 '톰'을 섭외하고, 금고의 기술적 문제에 대해 순수한 흥미를 느낀 그는 팀에 합류한다. 주어진 시간은 월드컵 결승전이 펼쳐지는 105분. '톰'은 19세기 완성된 금고의 비밀을 밝혀 문제가 무엇인지 알아내고, 삼엄한 감시를 피해 리더, 레이더, 인사이더, 픽서, 그리고 해커, 5명의 팀원들과 함께 동전을 되찾아야 한다.",616.107,/1NBC2hvtfZfRRjcqqZmD9t7m7q3.jpg,2021-03-03,웨이 다운,False,7.1,425
58,False,/aKIrKbszS7Kq0aTGTCRTYMp1EDX.jpg,"[35, 18, 10402]",583689,en,Moxie,"예전부터 저항적인 엄마, 언제나 당당한 전학생. 그들을 보니 마음이 움직인다. 나라고 못 할 것도 없지! 소심한 소녀의 반전 혁명. 교내 성차별 문제를 다룬 잡지를 내자!",30.528,/aLBo1Ca9PggcWY98ItW5ZkdxTuA.jpg,2021-03-03,걸스 오브 막시,False,7.5,567
59,False,/rcUcYzGGicDvhDs58uM44tJKB9F.jpg,"[10751, 14, 16, 28, 12]",527774,en,Raya and the Last Dragon,"인간과 드래곤이 평화롭게 공존하던 신비의 땅, 쿠만드라 왕국. 악의 세력 드룬이 들이닥치자, 드래곤들은 인간을 구하기 위해 스스로를 희생하고 사라진다. 500년 후 부활한 드룬이 세상을 공포에 빠뜨리자, 전사 라야는 분열된 쿠만드라를 구하기 위해 전설 속 마지막 드래곤을 찾아 모험을 떠난다. 라야는 험난한 여정을 겪으며 세상을 구하기 위해서는 전설 속 드래곤보다 더 중요한 것이 있다는 것을 깨닫게 되는데…",325.882,/oAlenJMD8DgsLNDRzWsdK6674e6.jpg,2021-03-03,라야와 마지막 드래곤,False,8.1,4566
60,False,/eTgQlyIQH0nA5BsmYpvCzSPAorg.jpg,"[53, 28, 18]",793723,fr,Sentinelle,"상처는 한 번이면 충분하다. 중동에서 군사 작전 중 트라우마를 입고 귀국한 클라라. 하지만 불온한 지중해의 공기는 그녀를 치유해 주지 못하는데. 가족이 다치고 평화에 균열이 생기는 순간, 훈련된 전사의 본능이 눈을 뜬다.",103.662,/AmUGn1rJ9XDDP6DYn9OA2uV8MIg.jpg,2021-03-05,상티넬,False,5.9,455
61,False,/vKzbIoHhk1z9DWYi8kyFe9Gg0HF.jpg,[35],484718,en,Coming 2 America,아킴과 세미가 돌아왔다! 풍요로운 자문다 왕국의 왕위에 오른 아킴 왕(에디 머피)과 충직한 심복 세미 (아세니오 홀)는 아프리카의 위대한 조국을 떠나 세계를 가로질러 모든 게 시작되었던 뉴욕의 퀸스를 향해 포복절도할 새로운 모험을 떠난다.,83.974,/nWBPLkqNApY5pgrJFMiI9joSI30.jpg,2021-03-05,커밍 2 아메리카,False,6.7,1630
62,False,/1EAxNqdkVnp48a7NUuNBHGflowM.jpg,"[16, 28, 878]",283566,ja,シン・エヴァンゲリオン劇場版:||,"에반게리온 신극장판의 제4탄이자 완결편. 미사토와 반네르프 조직 빌레는 코어와 닮은 물질로 석화되어 온통 붉게 변한 도시 파리에 도착한다. 분더 전함 대원들은 봉쇄탑에 착륙한다. 그들은 720초 안에 도시를 복구해야 한다. 네르프 에반게리온들이 나타나자 마리는 개선된 에반게리온 8호기로 공격을 막아내려 한다. 한편, 신지, 아스카, 레이 (임시 이름)는 정처없이 일본을 돌아다닌다.",164.567,/eadcE25WY7XlnlhPnE9HuDWeLLj.jpg,2021-03-08,에반게리온 3.0+1.01,False,8.6,380
63,False,/9woXumINajlGcL14ZbFTljO6fkv.jpg,"[27, 878]",731740,en,The Block Island Sound,"한 어부의 가족이 터전으로 삼아온 섬. 어느 날부터 이상 현상이 발생한다. 죽은 새와 물고기가 떼로 발견되더니, 어부마저 기괴한 행동을 보이기 시작하고. 설명할 순 없지만 이것만은 확실하다, 어둡고 불길한 기운이 섬에 자욱하단 것.",8.373,/zHFfirwnNowh4ELytFnVIzQvAIl.jpg,2021-03-11,블록 아일랜드 사운드,False,5.3,144
64,False,/ctckqAvz9aTZDtfXLmDUdMflesU.jpg,[18],785534,tr,Kağıttan Hayatlar,"빈곤의 그림자가 짙게 드리운 이스탄불의 어느 거리. 날로 악화되는 병마와 싸우던 고물상 메흐메트가 한 아이를 만난다. 오랜 세월 잊고 살았던, 불우한 어린 시절의 자신과 너무나 닮은 작고 소중한 아이를.",27.061,/q7gzodpqWGedo2Vvo65eVxFLbux.jpg,2021-03-12,구겨진 인생들,False,8.2,257
65,False,/nq4LRhGrCZ8ucxMaLMPa3uZV6ku.jpg,[35],709629,es,Guerra de Likes,,77.423,/gewQlwxgqo595Pw25lwaPfI4h5D.jpg,2021-03-12,Guerra de Likes,False,7.8,220
66,False,/umAoDwLZMBrYeCDfbJYFRMuXWAr.jpg,[878],681887,en,Cosmic Sin,"인류가 우주를 식민지로 지배하고 있는 서기 2524년, 연맹의 장군 ‘제임스 포드’는 무리한 작전으로 행성 하나를 파괴하고 불명예 제대를 하게 된다. 인류를 지배하려는 외계 함대의 공격이 발생하자 ‘제임스 포드’ 장군은 정예 부대와 함께 이들을 제압하라는 부탁을 받게 된다. 하지만 외계 함대와 접촉하며 이미 조종된 인류는 연맹 군대를 공격하기 시작하는데...",372.007,/8rmTgYsB1S31GLy6QpRpBHODlr5.jpg,2021-03-12,코스믹 씬,False,4.4,365
67,False,/cJwkku3SPprS0Splfgh8VFRd0xn.jpg,"[35, 10751]",638597,en,Yes Day,엄마와 아빠는 안 된다고만 하는 사람. 그래도 오늘만은 달라지겠어. 24시간 동안 아이들 마음대로. 부모는 무조건 예스. 짜릿한 모험을 하며 즐거운 하루를 보내는 거야.,40.731,/A5fz1LbGpYLxw0ibtSG6lUMjGX0.jpg,2021-03-12,예스 데이!,False,6.9,730
68,False,/h9idnfOs9nt8Nj2agbOjlOqTGAc.jpg,"[18, 53]",802443,en,Deadly Illusions,"수년째 슬럼프를 겪는 베스트셀러 작가 메리. 글을 쓰기로 결심한 후 아이들의 보모로 그레이스를 집에 들인다. 많은 시간을 함께 보내면서 젊고 아름다운 그레이스에게 끌리기 시작하고, 상상 속 세계와 현실의 경계가 점차 흐릿해진다.",19.995,/wj0PpS8cvXCNB3Wvhe6w5k0Nnke.jpg,2021-03-18,데들리 일루전,False,5.1,221
69,False,/erpYg6h8MnoT2BZqdlT0zABbbqK.jpg,"[28, 35, 80]",799497,pt,Cabras da Peste,"마을의 마스코트 염소, 셀레스치나를 찾아라! 그동안 무시만 당하던 경찰 둘이 힘을 합쳐 최대 작전을 시작한다. 사라진 염소가 거대 범죄 조직으로 안내할 줄은 꿈에도 모른 채.",40.062,/vavrtSN9CxiwGylJ3JtWx2atuX0.jpg,2021-03-18,염소를 잡아라,False,7.0,151
70,False,/tzJZaglq1hR7RS35BKG68Xz7KY0.jpg,"[16, 35, 14]",797394,ru,"Ганзель, Гретель и Агентство Магии","동화 속의 헨젤과 그레텔은 잊어라. 이제는 특수 요원 헨젤과 그레텔! 사라진 왕을 찾으려면 무엇이 필요할까? 진정한 마법과 영리한 두뇌, 무엇보다 믿음직한 파트너지!",70.437,/14FU3Ah6lDrIPLvP2bvyDODuWXn.jpg,2021-03-18,마법 관리국과 비밀 요원들,False,7.2,199
71,False,/pcDc2WJAYGJTTvRSEIpRZwM3Ola.jpg,"[28, 12, 14, 878]",791373,en,Zack Snyder's Justice League,"슈퍼맨이 죽고 지구에 어둠의 그림자가 드리운다. 마더박스를 차지하기 위해 빌런 스테픈울프가 파라데몬 군단을 이끌고 지구에 온 것이다. 지구를 지키기 위해 목숨을 바친 슈퍼맨의 희생이 헛되지 않도록 하기 위해 브루스 웨인은 다이애나 프린스와 적에 맞서기로 한다. 배트맨과 원더 우먼은 새로이 등장한 위협에 맞서 싸우기 위해 특별한 능력을 가진 메타휴먼, 아쿠아맨과 사이보그, 플래시를 찾아가 설득하여 힘을 합친다. 드디어 한 팀이 된 저스티스 리그. 혹시 스테픈울프와 데사드 그리고 다크사이드를 물리치기에 너무 늦어버린 것이 아닐까?",399.131,/qd7iPB26bwMPZqRcnflzAeDkMn.jpg,2021-03-18,잭 스나이더의 저스티스 리그,False,8.4,6861
72,False,/6zbKgwgaaCyyBXE4Sun4oWQfQmi.jpg,"[28, 80, 53]",615457,en,Nobody,"비범한 과거를 숨긴 채 남들과 다를 바 없는 평범한 일상을 사는 한 가정의 가장 ‘허치’ 매일 출근을 하고, 분리수거를 하고 일과 가정 모두 나름 최선을 다하지만 아들한테는 무시당하고 아내와의 관계도 소원하다. 그러던 어느 날, 집안에 강도가 들고 허치는 한 번의 반항도 하지 못하고 당한다. 더 큰 위험으로부터 가족을 지키기 위한 선택이었는데 모두 무능력하다고 ‘허치’를 비난하고, 결국 그동안 참고 억눌렀던 분노가 폭발하고 만다.",200.402,/oXQtH8O7pCvXaDKGB8OAjiPVDi5.jpg,2021-03-18,노바디,False,8.3,3681
73,False,/3pIqd1hgZ2xqzWEyiYp4blqE9Fi.jpg,"[53, 36, 18]",522241,en,The Courier,"전운이 감도는 1960년 냉전시대, 소련 군사정보국 ‘올레그 대령’은 정부의 눈을 피해 핵전쟁 위기를 막을 중대 기밀을 CIA에 전하고자 한다. CIA는 MI6와 협력하여 소련의 기밀 문서를 입수하기 위해 영국 사업가 ‘그레빌 윈’을 스파이로 고용해 잠입에 성공한다.",187.342,/5M0fh3gmYTuwqcHpgHUceZSIYYa.jpg,2021-03-18,더 스파이,False,7.2,480
74,False,/1qVvljZelmVi6cIepQYGSZDBNF.jpg,[99],801058,en,Seaspiracy,그가 사랑하는 바다가 죽어간다. 인간이 그 경이의 세계를 파괴한다. 그리하여 카메라를 들고 바다로 나간 감독. 그가 맞닥뜨린 것은 전 세계에 걸친 부패의 그물이었다.,8.641,/iFNri0fwn1WfCoxf3H3v1z8dCm4.jpg,2021-03-24,씨스피라시,False,8.0,268
75,False,/inJjDhCjfhh3RtrJWBmmDqeuSYC.jpg,"[28, 14, 878]",399566,en,Godzilla vs. Kong,"콩과 보호자들은 정착할 수 있는 곳을 찾아 특별하고 강력한 유대감을 형성하고 있는 지아와 함께 여정을 떠나게 된다. 그러던 중 지구 파괴를 위한 회심의 날을 휘두르는 고질라와 마주하게 되고, 보이지 않는 힘에 의해 맞붙게 된 두 전설의 대결은 지구 깊은 곳에 도사린 수수께끼의 시작에 불과할 뿐이었는데…",397.138,/sqo672rKMXiLRC5kVcGvBRebkp.jpg,2021-03-24,고질라 VS. 콩,False,7.9,7240
76,False,/gzycjJWGw04DF6C7IYOA1F0cWhc.jpg,"[18, 10749]",694256,it,Sulla stessa onda,"시칠리아의 뜨거운 여름 햇살, 그보다 더 뜨거운 사랑이 소녀와 소년에게 찾아왔다. 하지만 깊은 사랑은 그보다 더 깊은 상처를 가슴에 남기는 법. 여름 해가 지고, 너무 빨리 성장해야 했던 두 사람의 사랑 이야기.",34.455,/gHNkedUdx9yIWRyjPMqOeoT6fQB.jpg,2021-03-25,"그 여름, 파도가 일었다",False,6.8,173
77,False,/5HjzYTihkH7EvOWSE7KcsF6pBMM.jpg,"[10751, 35, 12, 16, 14]",522478,en,Peter Rabbit 2: The Runaway,토끼 피터가 도시에서 만난 나쁜 친구들로 인한 위기를 극복하는 과정을 다룬 애니메이션,218.038,/cycDz68DtTjJrDJ1fV8EBq2Xdpb.jpg,2021-03-25,피터 래빗 2: 파 프롬 가든,False,7.4,441
78,False,/3URFWy1jOYKW0IE5NesyVvDzZKx.jpg,"[35, 10749]",799844,fr,Je te veux moi non plus,,5.828,/8eevR507AolRD8w45TnJKaRmyDm.jpg,2021-03-26,Je te veux moi non plus,False,5.8,108
79,False,/2VnghbG2qWChcE6CdZBMDtDQKCF.jpg,"[18, 10751, 10402, 10749]",699102,en,A Week Away,"문제투성이 10대 소년에게 더 나은 선택은 없다. 여름 캠프에 참가하는 수밖에. 원치 않게 따라간 그곳에서, 뜻밖의 사랑과 친구를 만나는 소년. 왜지? 집에 온 기분이야!",37.124,/htTS07IvYv3rv57ftzNEprefwSq.jpg,2021-03-26,그 여름의 일주일,False,7.1,264
80,False,/xH23sRbfMtwZ2oBtBf607VUNrGt.jpg,[27],645856,en,The Seventh Day,"1995년 10월 교황이 볼티모어 메릴랜드에서 군중의 환영을 받고 있을 때,신참인 피터 신부는 멘토인 루이스 신부와 함께 귀신 들린 소년 니콜라스 밀러의 구마 의식에 참여한다. 강력한 사탄에게 제압당한 루이스 신부가 살해되고 10살 난 니콜라스는 불타 오르며 고통 속에서 죽어간다. 그 후 홀로 살아남은 피터는 엑소시즘에 대한 교황청의 부정적 인식에 의해 지하에서 엑소시스트를 양성하며 지낸다. 그로부터 25년 뒤, 2주간의 엑소시스트 교육에서 최고의 성적을 거둔 다니엘 신부는 대주교의 소개로 엑소시즘으로 유명한 피터 신부와 대면한다. 다니엘이 못 미더운 피터는 실제 악마를 보여주기 위해 다니엘을 노숙자 쉼터로 데려간다. 그리고 선한 일을 하는 자원봉사자 헬렌이 악마에 씌었다는 것을 보여주며 천사의 탈을 쓴 악마는 예상치 못한 곳에 존재한다는 사실을 다니엘에게 알려준다. 그 후 다니엘은 부모와 누나를 도끼로 잔인하게 죽이고 체포된 12살 소년 찰리의 집을 찾는다. 찰리의 집에서 환영을 본 다니엘은 진상을 파악하기 위해 찰리를 찾아간다. 대주교의 백으로 찰리를 면회한 다니엘은 찰리가 악령에 씌었다는 사실을 알게 된다. 찰리를 지배하는 악령은 다니엘에게 자신을 드러내며 함께 하자고 유혹하는데...",79.365,/dtt2dfMdmlCcgaJZkPPQsIY5oR6.jpg,2021-03-26,세븐스 데이,False,5.7,150
81,False,/jw6ASGRT2gi8EjCImpGtbiJ9NQ9.jpg,[27],632357,en,The Unholy,"앨리스(크리켓 브라운)는 병자들을 듣게 하고 말하게 하고 걷게 하고  치료 할 수 있는 능력을 가진 것으로 소문이 나게 되고, 소문이 퍼지고  근처에 사는 이웃 뿐 아니라 먼 곳의 사람들까지 그녀의 기적을 목격하기 위해 몰려 들게 된다. 이 소식을 들은 한 불명예기자(제프리 딘 모건)는 자신의 명예가 회복 되기를 바라며 조사를 위해 작은 뉴 잉글랜드 마을을 방문하게 된다. 끔찍한 사건이 사방에서 발생하자, 그는 이러한 현상이 성모 마리아의 작품인지 또는 훨씬 더 사악한 것인지 의문을 갖기 시작한다.",281.218,/cFOWiYDQ8Nttmt0K6PU38L48wWK.jpg,2021-03-31,더 언홀리,False,6.9,1428
82,False,/rOvxJ9dPWcmYycUdB2xRVXclAAY.jpg,"[10402, 18, 36]",566076,en,The United States vs. Billie Holiday,흑인 린치를 금하는 법안이 통과되지 못한 시절의 미국.  당대의 스타였던 빌리 홀리데이도 ‘이상한 과일(Strange Fruit)’을 부르지 못하게 된다.  억압받는 소수자의 초상을 적나라하게 은유한 가사 때문.  불안정한 마음을 안고 자주 휘청거리는 빌리지만 이 노래에 담긴 의미만은 흘려보내고 싶지 않다.  결연히 마이크를 잡은 그의 목소리는 미국을 놀라게 한다.,15.013,/vEzkxuE2sJcmHYjXQHM8xvR9ICH.jpg,2021-03-31,빌리 홀리데이,False,6.8,139
83,False,/pVNXmfZvQKFdUKVYNJxZAiy69DC.jpg,"[28, 12]",529106,ru,Майор Гром: Чумной Доктор,"광란의 살인 행각으로 혼란에 휩싸인 도시. 한 남자가 정의를 수호하기 위한 작전을 시작한다. 경찰 조직에서는 쫓겨났지만, 사명은 버리지 못한 남자. 그는 이 도시를 밝힐 수 있을 것인가.",252.915,/yBkZlG55CprznYxwUcGY6r3ZXP6.jpg,2021-04-01,메이저 그롬: 플레이그 닥터,False,6.9,350
84,False,/c7dFSqZQYqNNJVpacpIGZe3gkLW.jpg,"[16, 35, 14]",813258,en,Monster Pets: A Hotel Transylvania Short,,293.178,/tuzkEyCPwf5O56fDjGNerIA8hxT.jpg,2021-04-02,Monster Pets: A Hotel Transylvania Short,False,7.5,259
85,False,/yDmXYqPGooOwyc4idUHITOIoHa3.jpg,[53],803923,en,Every Breath You Take,환자가 스스로 목숨을 끊어 커리어에 문제가 생긴 정신과 의사의 가족이 죽은 환자의 오빠가 집으로 찾아와 함께 식사를 한 후 무서운 위협에 휘말리게 되는데...,11.115,/nrgNXpH4x9NAkqOKhxEs3TspkHc.jpg,2021-04-02,에브리 브레스 유 테이크,False,6.0,104
86,False,/jw0849O7WLarbYKJkA9WpRLeGKG.jpg,"[35, 10749]",802504,nl,Just Say Yes,로맨스 없인 못 사는 로터. 완벽한 결혼식을 준비했건만 갑자기 파혼당한다. 게다가 SNS 없인 못 사는 동생이 로터의 상사와 약혼해 언니의 결혼식 계획을 냉큼 훔치기까지. 이제 로터의 목표는 새 동료와 손잡고 전 남친을 되찾는 것.,80.991,/rHfYTIPjSiameKP8zJCQscEJ5wo.jpg,2021-04-02,저스트 세이 예스,False,6.7,163
87,False,/hJ31zWr9vhYzEBCIAoUWpMDQfFq.jpg,"[35, 18]",664300,en,Shiva Baby,대학생인 대니얼은 부모님의 성화에 못 이겨 참석한 유대교식 장례식 '시바'에서 예전 여자 친구를 만난다. 설상가상으로 자신의 현재 슈거 대디와 그의 아내까지 맞닥뜨리게 되는데…,11.322,/5IBJwMPSCS5XdRT7BO1ZMreFOis.jpg,2021-04-02,시바 베이비,False,7.2,165
88,False,/nFfXSe79XsJXkkcXZxcQDwbkBm8.jpg,"[80, 18, 10749]",660006,fr,Madame Claude,60년대 파리. 유명 인사들을 상대로 고급 매춘조직을 운영하는 마담 클로드. 우아한 이미지로 포장된 그녀의 제국은 상류층뿐 아니라 지하 세계까지 뻗어있다. 영원히 번성할 것 같았던 제국은 그러나 한 여성의 등장으로 흔들리기 시작한다.,14.399,/t4s01WWmVamHkSSZ8QiZuLDby6Z.jpg,2021-04-02,마담 클로드,False,5.8,146
89,False,/9yBVqNruk6Ykrwc32qrK2TIE5xw.jpg,"[28, 14, 12]",460465,en,Mortal Kombat,어스렐름와 아웃월드의 최강 챔피언들이 지구의 운명을 걸고 벌이는 서바이벌 대혈전 모탈 컴뱃. MMA 격투 선수 콜 영은 대전을 앞두고 선택 받은 전사들을 사전에 제거하려는 서브제로의 공격을 받는다. 지구와 가족을 보호하고 자기 혈통의 비밀을 알아내기 위해 모탈 컴뱃 토너먼트에 참가해 죽음의 전투를 치러야 한다!,484.184,/yvcNQv8fth51nWuaLwfpr50IRiO.jpg,2021-04-07,모탈 컴뱃,False,7.3,4054
90,False,/9dBSwftCzkC4K4zgMZTwcm58VUR.jpg,"[878, 53]",597890,en,Voyagers,"2063년, 극심한 지구 온난화로 미래 세대가 살아갈 새로운 행성을 개척하기 위해  ‘인류 이주 프로젝트’를 계획한다.  완벽한 우성 인자로 태어나 철저하게 격리 훈련을 받은 ‘30명의 탐사대원들’과 이들을 이끌 대장 ‘리처드’는 ‘휴매니타스호’에 탑승해 우주로 향하게 된다.",28.038,/5LI5yyolaGTE9BVMlXpfPqWcWAY.jpg,2021-04-08,보이저스,False,6.2,367
91,False,/c9fZTBYVvGyRJBE9I7bF0ItQqOv.jpg,[18],787428,en,Two Distant Strangers,반려견이 기다리는 집으로 돌아가려는 남자. 그를 폭력적으로 제압하는 경찰. 왜 이런 일이 벌어졌을까? 가장 최악은 그 끔찍한 순간이 계속해서 반복된다는 것. 아카데미 후보에 오른 단편영화.,8.438,/goTRnLgLjr3hdlBHVcFg1VS9eMI.jpg,2021-04-09,낯설고 먼,False,7.6,218
92,False,/z7HLq35df6ZpRxdMAE0qE3Ge4SJ.jpg,"[28, 12, 35]",615678,en,Thunder Force,"초능력을 가진 악당들을 소탕하라. 사이가 소원해진 두 친구가 도시의 수호자로 나선다. 계획에 없던 슈퍼 팀이지만 싸워보자고, 친구!",101.786,/oJ9BWm2wWlkuKWAZOwIRIHgxAJo.jpg,2021-04-09,썬더 포스,False,5.7,840
93,False,/xGrTm3J0FTafmuQ85vF7ZCw94x6.jpg,"[18, 36, 12]",589761,ru,Чернобыль,"1986년 4월 26일 오전 1시 24분 누구도 상상하지 못했던 체르노빌 원자력 발전소 폭발!  엄청난 위험에 노출된 줄도 모르는, 사람들 방사능에 피폭되어 쏟아지는, 환자들 그리고 전세계를 위협할 2차 폭발의 일촉즉발 상황 더 큰 재앙을 막고 소중한 사람들을 지키기 위해 생사를 넘어선 위대한 용기를 낸 이들의 진짜 이야기",327.461,/9SSszIQFoJ7dW8ORCw9mWYCGi17.jpg,2021-04-15,체르노빌 1986,False,6.3,199
94,False,/mYM8x2Atv4MaLulaV0KVJWI1Djv.jpg,"[28, 80, 53]",804435,en,Vanquish,"국가 영웅이었던 전직 경찰국장은 도시를 장악한 5대 조직과 사건에 휘말린다. 그는 마약 운반책이었으나 손을 씻은 그녀의 딸을 볼모로 잡고 위험한 미션을 제안한다. 단 하룻밤, 5대 조직으로부터 5번의 픽업을 하라! 그녀의 킬러 본능이 폭발하고, 도시는 전쟁으로 치닫는데… 오늘 밤, 그녀의 분노가 폭주한다!",137.56,/AoWY1gkcNzabh229Icboa1Ff0BM.jpg,2021-04-16,뱅퀴시,False,5.9,167
95,False,/70AV2Xx5FQYj20labp0EGdbjI6E.jpg,"[28, 80, 53]",637649,en,Wrath of Man,"캐시트럭을 노리는 무장 강도에 의해 아들을 잃은 H(제이슨 스타뎀).  분노에 휩싸인 그는 아들을 죽인 범인의 단서를 찾기 위해  현금 호송 회사에 위장 취업한다.  첫 임무부터 백발백중 사격 실력을 자랑하며,  단숨에 에이스로 급부상한 H.  캐시트럭을 노리는 자들을 하나 둘 처리하며, 아들을 죽인 범인들과 점점 가까워지는데…  자비는 없다, 분노에 가득 찬 응징만이 남았다.",433.646,/vNwYPtCDETrSkiBXsoiMFR9L6Do.jpg,2021-04-22,캐시트럭,False,7.8,2670
96,False,/6ydGnzbo8s4yRNqQWPAvVSiNU8N.jpg,"[16, 12, 35, 10751, 878, 28]",501929,en,The Mitchells vs. the Machines,"자동차를 타고 국토를 횡단할까 했는데, 이게 무슨 날벼락. 로봇들이 세상을 점령하다니. 이제 이상하기로는 세계 최강, 미첼 가족이 나설 수밖에. 인류는 우리가 구한다. 어떻게든 되겠지!",30.838,/4e7QytwEHQUGnWxOXdwjEQExvZH.jpg,2021-04-22,미첼 가족과 기계 전쟁,False,8.1,1422
97,False,/nR6tcBslmfpC6tHW6GPs7fcHV8g.jpg,"[28, 12, 18]",602063,ja,るろうに剣心 最終章 The Final,"그놈의 빰에 아직 십자 흉터가 있는가? 켄신의 과거를 알고 있는 남자, 에니시. 한때는 가족이었던 그가 사상 최강의 적이 되어 켄신 앞에 서고, 드디어 마지막 전투의 서막이 오른다.",124.568,/enj1LR98rl4L8L2r0RKyy1C7OSm.jpg,2021-04-23,바람의 검심 최종장: 더 파이널,False,8.0,270
98,False,/8LHSDyRizQ4kQz5rEHPKyXPvMG3.jpg,"[16, 10752, 878]",736069,en,Justice Society: World War II,,113.486,/e4REOC6CZW8J6FslA4nRvdQXFXR.jpg,2021-04-27,저스티스 소사이어티: 월드 워 II,False,7.8,340
99,False,/7nmuAv2GM4C8KKyqZJVJX3gR436.jpg,[35],605286,it,Si vive una volta sola,,5.371,/uoRWemOqdlljCf4mC2xbVGVKOT9.jpg,2021-04-28,Si vive una volta sola,False,5.6,167
100,False,/fZc7g1MT9pOg4yNkgyoJvE2qLB9.jpg,"[28, 12, 878]",823087,en,Ape vs. Monster,,8.56,/tpwv6bA0jY7SpeiXMmIeLqOW4eg.jpg,2021-04-29,Ape vs. Monster,False,6.6,102
101,False,/owOBJlzH3j3YHUbr3XqSH10CWzo.jpg,"[27, 9648, 18, 53]",631060,en,Things Heard & Seen,도시를 떠나 작은 시골 마을로 이사한 여자. 이제 전원 속의 삶이 펼쳐지는 걸까. 하지만 그녀의 집에는 불길한 비밀이 숨어있다. 그녀의 남편 또한 뭔가를 숨기고 있다.,17.065,/9tSkNmGt1K5Lgf0L0BTHHYJNz0W.jpg,2021-04-29,허드 앤 씬,False,5.8,609
102,False,/fPGeS6jgdLovQAKunNHX8l0avCy.jpg,"[28, 53]",567189,en,Tom Clancy's Without Remorse,임신한 아내가 살해되자 정의를 구현하고자 나선 한 엘리트 해군 특수 부대원이 그 과정에서 국제적 음모를 파헤치는 '톰 클랜시의 복수'. 작가 톰 클랜시가 창조한 잭 라이언 세계관에서 가장 유명한 액션 히어로 존 클라크의 폭발적 기원이 공개된다.,178.674,/6GCOpT8QcNzup09TAMmvvk22LTR.jpg,2021-04-29,톰 클랜시의 복수,False,7.2,1665
103,False,/szY15QJKhed0nhUz1NONTz1vez5.jpg,"[10751, 35, 14, 16]",811367,en,22 vs. Earth,"픽사의 “소울”이 진행되기 바로 직전, 22는 지구에 가기를 거부하며 다섯 명의 새 영혼들을 모아 반란을 계획한다. 하지만 공범이 된 영혼들의 활동이 예상치 못한 결과로 이어지는 덕에, 모든 것을 뒤엎으려는 22의 작전은 오히려 삶의 의미를 깨닫는 놀라운 계기가 될지도 모른다.",162.054,/wnWMxwpXRFIEmwjhULNGYGg8SEM.jpg,2021-04-30,22 vs 지구,False,7.1,229
104,False,/efrdAWS63s8TTWdrI2uNdIhn1dj.jpg,"[53, 28, 80]",808023,en,The Virtuoso,"한치의 오차도 없이 완벽하게 일을 처리하는 전문 암살자 버츄오소는 치밀한 계획으로 현장에 아무런 흔적도 남기지 않는 거장의 경지에 오른다. 어느 날, 외딴 오두막에 낯선 개가 나타나고 버츄오소는 개에게 먹이를 주며 어떤 감정을 느끼기 시작한다. 그러던 어느 날, 순회 판사에 의해 기소가 취하된 CEO를 죽이라는 임무가 버츄오소에게 주어진다. 시간에 촉박한 임무를 진행하는 과정에 암살 현장 주변에 있던 한 소년의 엄마가 불타서 죽는다. 그 일로 버츄오소는 슬픔과 심한 죄책감에 시달리며 멘토의 전화마저 받지 않는다. 그를 암살자로 키운 멘토는 질문하지 말라, 주저하지 말라 등의 규칙에 대해 의문을 품은 버츄오소에게 자신이 오래 던 베트남 전쟁 당시 양민을 학살한 일에 대해 전하며 상관의 지시에 의한 일이었기 때문에 자신은 아무런 죄책감도, 책임도 느끼지 않는다고 말한다. 하지만 버츄오소는 다가오는 멘토에게 칼을 들며 심한 적대감을 표현한다. 그 후 보스이지 멘토는 버츄오소에게 수수께끼 같은 새로운 암살 임무를 부여한다. 그 임무는 로지 카페라는 장소와 17이라는 시간, 그리고 화이트 리버스라는 힌트가 적힌 쪽지가 전부다. 버츄오소는 로지 카페가 있는 외딴 마을에 가는 주유소에서 낯선 여인 딕시와 만난다. 얼마 후 나이 많은 조나단, 커플로 보이는 잘생긴 조니와 여인이 있는 로지 카페에 도착한다. 그곳에서 종업원으로 일하는 딕시와 재회한 버츄오소는, 카페에 들어오는 마이어스 부보안관을 눈여겨본다. 버츄오소는 화이트 리버스에 대해서 딕시에게 물어보며 카페 안에서 암살 대상자를 찾기 시작한다. 하지만 얼마 후 그는 자신이 누군가 보낸 수많은 또 다른 암살자의 제거 대상이 되어 있음을 깨닫게 되는데...",120.04,/vXHzO26mJaOt4VO7ZFiM6No5ScT.jpg,2021-04-30,더 버츄오소,False,6.4,201
105,False,/ldZ37wdvIxIGOadZAJZhWNp4AdF.jpg,"[10751, 16, 35, 878]",825597,en,Maggie Simpson in The Force Awakens from Its Nap,,65.412,/2xnf2ZaGXudvgBKPtVXMkNeooh1.jpg,2021-05-04,매기 심슨: 낮잠에서 깨어난 포스,False,6.9,105
106,False,/ouOojiypBE6CD1aqcHPVq7cJf2R.jpg,[53],578701,en,Those Who Wish Me Dead,"화재 현장에서 세 명의 아이를 구하지 못한 죄책감과 트라우마로 감시탑에 배정된 공수소방대원 한나는 거대 범죄의 증거를 가지고 도주 중인 소년을 만난다. 한편 소년을 쫓던 두 명의 킬러는 사람들의 눈을 돌리기 위해 불을 내고 삽시간에 번져가는데…  죽이려는 자와 지키려는 자, 거대한 불길 속에서 치닫는 생사를 건 대결. 그날 밤, 삶과 죽음이 타오르는 불길 속에 모두가 있었다!",119.904,/aMikd8jW6lZGmJgJ158biCjbNqZ.jpg,2021-05-05,내가 죽기를 바라는 자들,False,6.9,939
107,False,/g15PR8eQV9DehSWlagvdnJZqoRq.jpg,"[27, 80, 9648]",602734,en,Spiral: From the Book of Saw,경찰서로 배달된 의문의 소포. 그리고 시작된 경찰 연쇄살인. 또 다른 살인이 시작되기 전 단서를 찾고 사건을 해결하라!,139.692,/uwfXUJuog7hRfiDrWrNC9SQJxGI.jpg,2021-05-12,스파이럴,False,6.3,955
108,False,/jedggylU3FyIN7XRAl9WY8mrT6H.jpg,"[878, 53, 27]",471498,fr,Oxygène,"한 젊은 여성이 냉동 수면 장치에서 눈을 뜬다. 사라진 기억과 폐쇄된 공간, 그리고 급속도로 고갈되어 가는 산소. 살아남으려면 자신이 누군지부터 기억해내야 한다. 누운 자리가 그대로 관이 되기 전에.",45.207,/4ieLwzPsmYmmSfy34eIIOfWu6zo.jpg,2021-05-12,O2,False,6.7,854
109,False,/vvzucWIigLAWS8QawQRvpmUKM6.jpg,"[27, 53]",534072,en,Great White,나름의 목적을 안고 피서를 즐기기 위해 비행기에 올라탄 5명의 승객들이 불의의 사고로 여객기가 추락하여 해안에서 100마일 떨어진 뗏목에 갇히게 되면서 그들의 여행은 생지옥으로 바뀌게 된다. 그들이 생존할 수 있는 유일한 길은 해안으로 가는 것이지만 두 마리의 백상아리가 무리를 노리고 있다,24.867,/fbFG87LLTuPT8MZHRxofYvDnelc.jpg,2021-05-13,더 그레이트 샤크,False,5.5,190
110,False,/gPKcJzrbgs1670fOeKN1xQH9mNa.jpg,"[80, 18, 9648, 53]",823855,en,I Am All Girls,"어린 소녀들을 납치한 극악무도한 조직. 인신매매 단속반 형사가 그들을 쫓는다. 그러다 발견한 놀라운 사실, 누군가 범인들을 노리고 있다. 한 명씩 차례대로 처단하면서.",68.949,/m6bUeV4mczG3z2YXXr5XDKPsQzv.jpg,2021-05-14,내가 그 소녀들이다,False,6.6,166
111,False,/fejok33Ijc6SppiEU1cfwA9Mo2.jpg,"[28, 80, 18]",717192,nl,Ferry,"거대한 마약 제국을 건설하기 전, 보스의 보복을 위해 고향으로 돌아간 페리 보우만. 하지만 그곳에서 인생을 송두리째 바꿔 놓을 사랑을 만나고, 그의 충성심은 시험에 든다.",60.743,/w6n1pu9thpCVHILejsuhKf3tNCV.jpg,2021-05-14,페리,False,6.8,134
112,False,/p2vxQra3QVcbKg3zToqtGxiznhi.jpg,"[18, 53, 80, 9648]",520663,en,The Woman in the Window,"광장 공포증으로 집에서만 지내는 정신과 의사. 그녀는 건넛집에 이사한 가족을 관찰하기 시작한다. 그리고 창문 너머 잔혹한 범죄를 목격한다. 진실을 찾으려는 그녀의 집착, 그 끝은 어디일까.",26.733,/gUnMWEtz07x5ZeNT7dOZpvDK8Hb.jpg,2021-05-14,우먼 인 윈도,False,6.1,1250
113,False,/c0izdYdnTe4uMRifHgvTA85wPz0.jpg,"[28, 12, 80, 27, 53]",503736,en,Army of the Dead,"좀비들이 점령한 라스베이거스, 최후의 도박이 시작된다. 도시의 격리 구역으로 침투하는 용병 무리. 사상 최고의 강도 작전은 어떤 결말을 맞을 것인가.",285.797,/srRZnqkJI24qrs2whOJ1rBbo1Fv.jpg,2021-05-14,아미 오브 더 데드,False,6.4,2579
114,False,/rlNnwObbMu5G2FaOUlacnUIdIIA.jpg,"[16, 35, 10751, 12]",726684,fr,"Miraculous World: Shanghai, la légende de Ladydragon",방학을 맞은 마리네뜨는 아드리앙을 만나기 위해 상하이로 향한다.  그러나 도착한 후 마리네뜨는 레이디버그로 변신할 수 있는 능력을 포함하여 그녀의 모든 것을 잃어버리게 된다!,359.316,/19Jdd4BTk38rruxoi05JxstFIda.jpg,2021-05-15,"미라큘러스 월드: 상하이, 레이디 드레곤의 전설",False,8.0,366
115,False,/gGTCDNEvwG848u34Op1nZNALLUr.jpg,"[28, 80, 53]",385128,en,F9,평화로운 은둔생활을 즐기고 있는 도미닉(빈 디젤)에게 또 다른 적이 나타난다. 미스터 노바디(커트 러셀)가 실종되면서 남긴 마지막 메시지를 쫓아가던 돔 패밀리 앞에 돔의 친동생 제이콥(존 시나)이 나타나 비밀이 담긴 박스를 탈취해간 것이다. 제이콥이 테러리스트 사이퍼(샤를리즈 테론)를 이용해 전세계를 위험에 빠트릴 계획을 꾸미고 있음을 알게 된 도미닉은 동생의 폭주를 막고 잘못된 과거를 바로잡기 위해 일어선다. 돌아온 오리지널 멤버 한(성 강) 등과 함께 다시 부활한 돔 패밀리의 반격의 막이 오른다.,623.922,/szGpS43AM11mGzTdxFQ5wOis3EH.jpg,2021-05-19,분노의 질주: 더 얼티메이트,False,7.4,4411
116,False,/vqEjXzWdzPbV2DZ7bk29weDFiDl.jpg,"[16, 12, 10751, 37]",637693,en,Spirit Untamed,"어릴 적 엄마를 잃고 ‘코라’ 고모와 할아버지 손에 자란 호기심 많은 소녀 ‘럭키’는  방학동안 ‘코라’ 고모와 함께 아빠가 홀로 살고 있는 미라데로에 머물게 된다. 오랜만에 만난 아빠와의 서먹한 관계에서 어려움을 느끼던 ‘럭키’는 우연히 에너지 넘치는 야생마 ‘스피릿’을 만나 특별한 교감을 나누게 되고, 새로 사귄 친구 ‘아비게일’, ‘프루’와 함께하며 두근거림과 자유로움을 경험한다. 어느 날, ‘스피릿’과 그의 야생마 가족이 악당들에 의해 위험에 처하게 되고 ‘럭키’는 이들을 구하기 위해 친구들과 두려움을 무릅쓴 모험에 나서는데…",207.699,/pCqaPcIj1Q4YhojICJCQQrwNoUN.jpg,2021-05-20,스피릿,False,7.8,294
117,False,/z2UtGA1WggESspi6KOXeo66lvLx.jpg,"[878, 53, 27]",520763,en,A Quiet Place Part II,"실체를 알 수 없는 괴생명체의 공격으로 일상의 모든 것이 사라진 세상, 아이들 대신 죽음을 선택한 아빠(존 크래신스키)의 희생 이후 살아남은 가족들은 위험에 노출된다. 갓 태어난 막내를 포함한 아이들과 함께 소리 없는 사투를 이어가던 엄마 에블린(에밀리 블런트)은 살아남기 위해 새로운 은신처를 찾아 집 밖을 나서지만, 텅 빈 고요함으로 가득한 바깥은 더 큰 위험이 도사리고 있다. 이들은 과연 고요함으로 가득한 세상 속을 무리 없이 걸어나갈 수 있을까.",304.817,/6DoKA0l2TaHvw9BbP6YbMuAnxV3.jpg,2021-05-21,콰이어트 플레이스 2,False,7.7,3355
118,False,/qi6Edc1OPcyENecGtz8TF0DUr9e.jpg,"[27, 9648, 53]",423108,en,The Conjuring: The Devil Made Me Do It,"1981년, 미국 역사상 최초로 잔혹한 살인사건의 용의자가 악마가 살해하도록 시켰다고 주장하는 초유의 사태가 일어난다. 그리고 사건의 배후에는 악마에게 빙의된 소년이 있다. 살인사건의 범인은 인간인가 악마인가…",300.218,/yxPlLa5p54Wk1o2koiW4hqn4wfG.jpg,2021-05-25,컨저링 3: 악마가 시켰다,False,7.8,3903
119,False,/uNxgZ4IlBi1N1cj2sODAxeB0w8T.jpg,[18],694254,it,Il Divin Codino,"무엇 하나 쉽지 않았지만, 그는 포기하지 않았다. 이탈리아 최고의 축구 선수 로베르토 바조. 쉽지 않았던 데뷔부터 은퇴까지, 22년이라는 기록적인 선수 생활 동안 그가 겪어야 했던 수많은 좌절과 영광의 순간들이 스크린에 펼쳐진다.",14.045,/xFSTxpMlg3KXX7Vxz91AKz1TiG9.jpg,2021-05-26,로베르토 바조: 말총머리의 판타지스타,False,6.5,304
120,False,/jQdjGWPXXCAxVJc0EXtBiyG3K4g.jpg,"[27, 878, 18, 53]",523936,fr,Méandre,딸을 잃은 여자가 알 수 없는 통로 속에 감금되어 탈출하려는 과정을 다룬 판타지 공포영화,17.61,/wovnMbreUW1U5o9eWyNZzzf2JNN.jpg,2021-05-26,이스케이프 큐브,False,5.9,137
121,False,/kmuSGNlF9mfNHIDOEVEWPj6f3Ak.jpg,"[35, 80]",337404,en,Cruella,"재능은 있지만 밑바닥 인생을 살던 에스텔라는 우여곡절 끝에 런던에 오게 된다. 그곳에서 운명처럼 재스퍼와 호레이스를 만난 에스텔라는 뛰어난 패션 감각을 이용해 완벽한 변장과 빠른 손놀림으로 런던 거리를 싹쓸이한다. 도둑질이 지겹게 느껴질 때 쯤, 꿈에 그리던 리버티 백화점에 들어가게 된 에스텔라. 그곳에서 런던 패션계를 꽉 쥐고 있는 남작 부인을 만나 충격적 사건을 겪게 되며, 에스텔라는 런던 패션계를 발칵 뒤집을 파격 아이콘 크루엘라로 새롭게 태어나게 되는데...",497.646,/ejnSfKiUgqyiqdiLMc1wGAwvyTN.jpg,2021-05-26,크루엘라,False,8.3,5986
122,False,/y1BomwRA41Cr8s69G9vVQRjwllp.jpg,[99],691179,en,Friends: The Reunion,"미국 NBC의 간판 시트콤이었던 프렌즈의 친구들인 모니카, 레이첼, 피비, 조이, 챈들러와 로스가 다시 한자리에 모인다. 뉴욕 맨해튼을 배경으로 6명의 친구들의 삶과 우정을 다룬 훈훈하고 코믹한 내용의 시트콤이었던 원작은  미국 역사상 최고의 시트콤 드라마 중 하나로 등극했다. 10여년의 시간 동안 함께 극을 이끌어갔던 배우들이 다시 모여 세트나 지난 에피소드 등에 대해 이야기를 나누며, 저스틴 비버, 레이디 가가, BTS 등 많은 유명 게스트들 또한 출연한다.",75.134,/bT3c4TSOP8vBmMoXZRDPTII6eDa.jpg,2021-05-27,프렌즈: 더 리유니언,False,8.2,707
123,False,/7piVB6weeJdWB6xL0wzJJeHNo6O.jpg,"[12, 18, 10751]",671295,en,Blue Miracle,거센 폭풍이 휩쓸고 지나갔다. 오마르는 보육원을 지키기 위해 아이들과 낚시 대회에 나간다. 한물간 선장과 함께. 혹시 기적이 일어난다면 거액의 상금을 안겨줄 청새치를 잡을 수 있을지도.,19.379,/xBdP9Z0oVAx25tM2gUOtq298jxR.jpg,2021-05-27,블루 미라클,False,7.5,176
124,False,/lR7qQNifkq2fNwy681lH3NtmynV.jpg,"[53, 27]",522406,en,Flashback,"단조로운 일상에 지친 직장인 ‘프레드릭'. 어느 날 길에서 마주친 낯선 남자에게서 데자뷔를 느낀 뒤 기억 저편에 묻어두었던 고등학생 시절 첫사랑 '신디'를 떠올린다. 신디가 졸업 시험을 앞두고 갑자기 사라졌다는 사실을 알게 된 프레드릭은 그의 실종이 친구들과 호기심에 삼킨 금지된 약 '머큐리'와 깊이 연관되어 있음을 직감한다. “나는 과거의 기억인가, 미래의 환영인가” 과거와 미래의 경계에 갇힌 프레드릭의 마지막 선택!",76.755,/oMbzioE5JfriNbjd4oQBHL7wNDF.jpg,2021-06-03,플래시백,False,6.5,150
125,False,/gGSm6ZmWtGazs2H1m0gOp7cx1ZZ.jpg,"[28, 12, 80]",726429,es,Xtremo,이제는 은퇴한 살인 청부업자. 그가 보복의 길에 나선다. 가족을 처절하게 배신한 이복 형제에게 진정한 복수가 무엇인지 보여주리라. 긴박감 넘치는 액션으로 가득한 스릴러.,65.412,/5ghvx0Q5c57JoBNxFj4gSfXj6wK.jpg,2021-06-04,엑스트레모,False,6.7,169
126,False,/heMC3jAjQPNSlr1n9mZKUQ58EOE.jpg,"[28, 12, 18]",672322,ja,るろうに剣心 最終章 The Beginning,"마침내 십자 흉터의 비밀이 밝혀진다. 혼돈의 시대, 세상에 피의 비를 뿌리던 검객 켄신과 그의 인생을 바꾼 토모에. 켄신의 모든 이야기는 여기에서 시작되고 여기에서 끝난다.",246.782,/nlCLslZNCflJgZOAUNN2XEV3RTg.jpg,2021-06-04,바람의 검심 최종장: 더 비기닝,False,7.9,207
127,False,/qmCCXB6fn1Sjztm4t56Xviw0uDI.jpg,"[10752, 36, 18]",633515,nl,De Slag om de Schelde,"세 젊은이가 2차 세계 대전의 포화 속으로 들어간다. 연합군의 글라이더 조종사, 네덜란드 출신의 독일군 그리고 레지스탕스로. 방법은 달랐지만, 이들이 원한 건 오직 자유, 그 하나였다.",98.405,/eoms0LVICdRss7GGybDTiPx0qFD.jpg,2021-06-05,더 포가튼 배틀,False,7.3,216
128,False,/syuRL8LkPz4HguGAxAwvUt3HWlK.jpg,[53],666624,it,Security,"해변가 마을에서 한 여학생이 폭행당했다. 친부가 용의자로 지목되며 온 동네가 떠들썩해지고, 보안 전문가가 진범 찾기에 나선다. 그리고 아름다운 마을의 추악한 비밀과 거짓이 하나둘 드러난다.",37.027,/tuMcn12Us09pmAOuVEHXmFRivjF.jpg,2021-06-07,시큐리티,False,5.7,113
129,False,/3RMbkXS4ocMmoJyAD3ZsWbm32Kx.jpg,"[18, 878, 53]",615658,en,Awake,"기이한 현상이 전 세계를 휩쓴다. 잠드는 능력을 빼앗긴 인류, 불면으로 인한 광기와 혼돈. 그래도 상처투성이 과거를 간직한 전직 군인은 싸움을 포기하지 않는다. 소중한 가족을 지키기 위해.",172.501,/uZkNbB8isWXHMDNoIbqXvmslBMC.jpg,2021-06-09,어웨이크,False,6.0,717
130,False,/6FzuNrApEc71aJ3CwwkpadbNled.jpg,"[28, 53]",581644,en,The Misfits,"절도는 물론, 탈옥에도 일가견이 있는 범죄자 ‘페이스’. 그에게 뜻밖의 제안이 들어온다. 변장에 능한 ‘링고’, 폭탄전문가 ‘윅’, 암살자 ‘바이올렛’, 물주 ‘프린스’, 그리고 ‘페이스’의 딸이자 이번 작전의 기획자 ‘호프’까지, 그들과 함께 테러 자금을 대는 교도소장 ‘슐츠’의 아부다비 교도소에 숨겨진 금을 털자는 것이다. 스스로 사회 부적응자, 즉 ‘미스피츠’라 이름 지은 그들은 세상 나쁜 놈들에게 사이다 한 방을 날리기 위해 아부다비로 향하는데…",222.259,/3kq2Ii7cf1Dl2soc2koY6LcH0Bm.jpg,2021-06-10,미스피츠,False,5.7,170
131,False,/uEJuqp08dH6IQwZJGASlPZOXqKu.jpg,"[18, 10402, 10749]",467909,en,In the Heights,"우스나비에겐 도미니카 해변에 아버지의 상점을 다시 열고 싶은 꿈이 있다. 어린 시절부터 좋아한 친구 바네사에게 아직 고백 한 번 못한 채 망설이며 지내고 있다. 그러던 어느 날 우스나비 가게에서 복권 당첨자가 나오고, 하이츠의 모든 사람들은 저 마다의 행복한 미래를 꿈꾸는데...",25.28,/vpuwfTWpAleZU7QMdpoYJBkJVCS.jpg,2021-06-10,인 더 하이츠,False,7.3,366
132,False,/uZDE9VnKFnIPmWriMjnp82bH9S8.jpg,"[28, 53]",825997,en,Rogue Hostage,아동보호국에서 근무하는 카일은 아프가니스탄 파병지에서 동료를 잃었던 끔찍한 기억으로 힘든 나날을 보낸다.  직장 동료와 맥시코 출신 미아 매니와 함께 계부이자 하원의원인 샘이 운영하는 넬슨 매장에 잠시 들렀던 카일은 매장 직원들 및 다른 고객들과 함께 자살폭탄 테러범의 인질이 된다.  카일은 다른 인질들을 구하기 위해 테러범과 목숨을 건 싸움 끝에 테러범들을 제압하고 인질들과 함께 폭파 직전에 매장에서 탈출해야만 하는데...,285.44,/pzZSf1xbWysYpluRYTWkC6TXTYp.jpg,2021-06-11,레드 아워,False,6.4,103
133,False,/tsQlkxwErO4p0bAGY2zYLuoqwYs.jpg,"[28, 35, 53]",522931,en,Hitman's Wife's Bodyguard,"킬러 다리우스(사무엘 L. 잭슨)를 호송하느라 경호 면허를 잃게 된 마이클(라이언 레이놀즈)은 스트레스로 인해 정신과 상담마저 받아야 하는 상황. 침착하게 마음을 달래며 명상의 삶을 살려던 그의 앞에 난데없이 다리우스와 결혼했다고 주장하는 킬러의 아내 소니아(셀마 헤이엑)가 나타난다. 절대 총을 들지 않겠다면서 자발적 안식년을 주장하는 마이클은 소니아에게 반강제로 이끌려 다리우스 구출 작전에 합류하게 되고, 그와 동시에 그리스의 혁명적 부활을 꿈꾸는 악당 아리스토텔레스(안토니오 반데라스)에게도 쫓기게 되는데...",87.419,/5DriFIGybBjdTR27oz1hrt5zpig.jpg,2021-06-14,킬러의 보디가드 2,False,7.0,903
134,False,/620hnMVLu6RSZW6a5rwO8gqpt0t.jpg,"[16, 35, 10751, 14]",508943,en,Luca,"이탈리아 리비에라의 해변 마을. 마을 사람들 사이엔 인근에 바다괴물이 산다는 전설이 떠돈다. 실제로 바다에는 루카(제이콥 트렘블레이)를 비롯한 바다괴물 가족들이 산다. 루카의 부모는 루카에게 바다 밖을 경계하라 이르지만, 루카는 기어이 바다 밖 세상으로 향한다. 루카는 육지에선 인간의 모습으로 변하지만 물에 닿으면 바다괴물의 모습으로 돌아간다. 바다괴물 친구이자 육지 생활 선배인 알베르토(잭 딜런 그레이저)는 루카에게 두 다리로 걷는 법부터 자유와 일탈의 짜릿함까지 맛보게 한다. 급기야 인간 마을로 들어간 둘은 줄리아(엠마 버만)와 친구가 돼 함께 수영, 사이클, 파스타 빨리 먹기 3종 대회에 참가하는데...",677.929,/cgQMmwPtSInmIvoQLJhoByBelGA.jpg,2021-06-17,루카,False,8.0,5131
135,False,/miOnymJ0dN2psWBB8Vleo3fUyrc.jpg,"[18, 10751, 35]",607259,en,Fatherhood,"아내를 잃었다. 그와 동시에 아빠가 되었고. 맷은 슬픔과 싸운다. 우는 딸에게 자장가를 불러주고, 분유를 먹이고, 쉴 새 없이 기저귀를 갈면서. 마음을 울리는 실화 바탕의 이야기.",147.767,/pR2fzm82fl0giommpo310LBOMbV.jpg,2021-06-18,아빠가 되는 중,False,7.7,870
136,False,/1MxdxiUvKCbuKDoeiuq668eIKb8.jpg,"[16, 28, 12, 35, 10751, 14, 878]",834404,en,Teen Titans Go! See Space Jam,,188.145,/rMoVOCw6DF3zC6hS76ZhQMWiXNX.jpg,2021-06-20,Teen Titans Go! See Space Jam,False,7.0,145
137,False,/uS9apevOgs2fuYghf9szOoK1u63.jpg,"[16, 9648, 28, 80]",736073,en,"Batman: The Long Halloween, Part One","배트맨 이어 원의 엔딩 부분에서 카르미네 팔코네, 일명 '로마인'은 증거를 없애기 위해서 자신의 조카인 조니 비티를 살해하려고 하다 실패한다. 그러자 로마인은 조니 비티에게 성대한 결혼식을 열어주어서 비티 패밀리와의 관계를 회복하려고 한다. 이 파티에서 팔코네는 브루스 웨인에게 웨인 은행 자신들의 자금을 유치하고 사업을 함께 하라는 압력을 가하지만 브루스 웨인은 거부하고, 하비 덴트는 팔코네 패밀리의 뒷조사를 하다가 마피아들에게 구타를 당한다. 배트맨과 캣우먼은 카르미네 팔코네에게 백만 달러의 현상금이 걸리게 되고, 캣우먼은 공격이 최선의 방어라는 신조 아래 팔코네 패밀리의 자금 정보를 제공한다.",78.13,/sR7gppb0YGjwLvE6Vnj6wYv5MnW.jpg,2021-06-21,배트맨 롱 할로윈 파트1,False,7.9,274
138,False,/enlicWSFU0H2JNe3TgHNe4RIGWT.jpg,"[35, 18, 10749]",823461,en,Good on Paper,"그 좋은 시절, 언제나 일이 우선이었다. 그러다 한 남자를 만난 스탠드업 코미디언. 이렇게 완벽할 수가. 똑똑하고 다정하고 직업 좋고, 부족한 게 없네? 너무 괜찮아서 믿지 못할 지경인걸?",18.531,/y9G21Iu3yHYB0CnJ1BJlpPKgLMl.jpg,2021-06-23,겉보기엔 멀쩡한 남자,False,5.7,191
139,False,/ok7RdHhVngnwkvKj09tvtOvypG.jpg,"[80, 18, 9648]",649409,en,No Sudden Move,,92.69,/34BmdJkdvRweC3xJJFlOFQ2IbYc.jpg,2021-06-24,노 서든 무브,False,6.5,288
140,False,/5MlvT4DZIdkpb7A9t375HVoiJ1v.jpg,"[28, 12, 18, 53]",646207,en,The Ice Road,"이들을 구출할 유일한 방법은 제한시간 내 영하 50도에 달하는 극한의 추위와 눈 폭풍이 도사린 ‘하얀 지옥’ 위니펙 호수 위 인공 도로인 아이스 로드를 횡단해 구조용 파이프를 운반하는 것뿐.  이 불가능한 미션에 적임자로 꼽힌 전문 트러커 ‘마이크’는 대형 트레일러 3대를 이끌고 해빙기를 맞아 한 달 넘게 얼음이 녹아내리고 있는 위험천만한 아이스 로드를 달리기 시작하는데… 얼음 두께는 불과 30인치, 트럭 무게는 32.5톤. 주행 거리 482km, 주어진 시간은 단 30시간!",190.415,/9BQlnhahKCyQfuVYCNatmObboTU.jpg,2021-06-24,아이스 로드,False,7.2,780
141,False,/7NAyX3s5skIslyQGmQpOtGV4m6m.jpg,"[878, 18, 53]",559581,en,Stowaway,뜻하지 않게 그 여정에 합류한 네 번째 승객. 이제 모두의 생명이 위험하다. 그들은 어떤 선택을 내려야 할까.,38.356,/yOscLK7KzEPDdi1P8RmevGIjOSp.jpg,2021-06-24,스토어웨이,False,5.9,142
142,False,/hdDEehfPEY5Ao0ZHZXAG6sZ4Ne0.jpg,"[35, 27]",800497,en,Werewolves Within,,162.986,/WoG2tvwanOMlU0qsbxpf9Qd3y.jpg,2021-06-25,Werewolves Within,False,6.2,197
143,False,/5C8bfwglg91uZhc2fbfpSjNGamV.jpg,"[27, 9648]",591273,en,Fear Street: 1994,연이어 잔혹한 살인 사건이 발생한 작은 마을. 공포와 추측이 난무하는 가운데 마녀의 복수라는 설이 나돈다. 악의 실체를 캐내려는 10대들. 수 세기에 걸친 어둠의 심연을 감당할 수 있을까.,137.469,/pxHo4FWIhwv2rETUPo0gvSceYJB.jpg,2021-06-28,피어 스트리트 파트 1: 1994,False,6.8,1245
144,False,/kkXMDMRGtuO9cewtFjWNREC74nf.jpg,"[28, 35, 36, 16, 14]",739542,en,America: The Motion Picture,전기톱을 휘두르는 조지 워싱턴과 맥주를 사랑하는 새뮤얼 애덤스. 이 둘이 한 팀이 된다. 영국군을 무찌르고 식민지를 해방하기 위하여! 웃기려고 작정하고 만든 코미디.,89.978,/1JRRvx5RotvWM1maeq9r82ktdHi.jpg,2021-06-30,아메리카: 영화 같은 이야기,False,5.9,134
145,False,/8VmF0Cg7CZTfMeTtsF7k2Wrj38Z.jpg,[27],672582,en,The Deep House,"프랑스의 외딴 호수에서 다이빙을 하던 중, 수중 탐사 영상 전문 유튜버 커플이 깊은 물 속에 잠겨 있는 집을 발견한다. 집 내부를 탐험하다 곧 그 집이 흉악한 범죄 현장이었다는 것을 알게 되고 집 밖으로 나가려 시도하지만 상황은 점점 악몽으로 변해간다. 산소 잔량은 위험 수위까지 떨어지고, 그들은 집에 다른 누군가가 있다는 것을 깨닭게 되는데...",690.119,/5xhAPxRr64oQPEFnUOrttuI4ZEU.jpg,2021-06-30,딥 하우스,False,6.3,229
146,False,/tehpKMsls621GT9WUQie2Ft6LmP.jpg,"[27, 28, 53]",602223,en,The Forever Purge,"매년 단 하루, 12시간 동안 살인은 물론 어떤 범죄도 허용되는 미국의 연례 행사 ‘퍼지’ 데이! 아메리칸 드림을 꿈꾸며 미국에 정착한 멕시코 부부 ‘아델라’와 ‘후안’, 텍사스 부촌에서 마구간과 농장을 꾸리며 안락하게 살아가는 ‘딜런’ 가족까지 모든 이들이 긴장감 속에서 ‘퍼지’ 데이를 맞이한다. 다행히 큰 사고없이 ‘퍼지’ 데이를 보낸 이들은 공식적인 ‘퍼지’ 종료 사이렌이 울리자 일상으로 복귀한다. 하지만 ‘영원한 퍼지’를 통한 ‘미국의 정화’를 외치는 추종자 세력이 등장하면서 걷잡을 수 없는 폭력과 살인이 난무하기 시작한다. 안전을 위해 멕시코 국경까지 이동해야 하는 ‘아델라’와 ‘후안’, 그리고 ‘딜런’ 가족은 과연 공권력과 법의 통제가 완전히 사라져버린 ‘영원한 퍼지’ 속에서 살아남을 수 있을 것인가…",302.601,/bZrStEjqKMRCywomPZiPkOWZpXL.jpg,2021-06-30,더 퍼지: 포에버,False,7.4,1428
147,False,/dsdbViTNjLu4DbgkkYmuY4xDQ20.jpg,"[27, 53, 9648]",585216,en,Escape Room: Tournament of Champions,"출구 없는 탈출 게임에서 가까스로 살아남은 ‘조이’와 ‘벤’. 게임을 설계한 의문의 조직 ‘미노스’의 실체를 밝히기 위해 뉴욕에 도착한 두 사람은 정체불명의 남자에게 휘말려 지하철에 갇히고 만다. 순간 다른 칸과 분리된 열차 안에는 초고압 전류가 흐르기 시작하고, 그곳에 있는 6명 모두 게임의 생존자라는 것이 밝혀진다. 목숨을 건 탈출 게임이 다시 시작됐음을 직감한 그들은 뉴욕을 배경으로 벌어지는 극한의 상황에서 살아남기 위한 사투를 벌이는데….",153.564,/lXA5YzQ21eML7yJLskFPRSmKyvT.jpg,2021-07-01,이스케이프 룸 2: 노 웨이 아웃,False,6.9,737
148,False,/akwg1s7hV5ljeSYFfkw7hTHjVqk.jpg,"[16, 35, 12, 10751]",459151,en,The Boss Baby: Family Business,베이비 주식회사의 레전드 보스 베이비에서 인생 만렙 CEO가 된 `테드`. 베이비인 줄 알았던 조카 `티나`가 알고 보니 베이비 주식회사 소속이라니! 뉴 보스 베이비 `티나`의 지시로 `테드`는 형과 함께 다시 베이비로 돌아가야만 하는데…,733.04,/zGaeo3fNXCcnttUQMgZr1FW0t4V.jpg,2021-07-01,보스 베이비 2,False,7.7,1610
149,False,/7h5WAPAcUzOWpp2jrwHBB48790j.jpg,"[16, 28]",843241,ja,劇場版 七つの大罪 光に呪われし者たち,세계 평화를 위협하는 악의 집단에 맞서 싸우는 대죄인들의 활약을 그린 애니메이션,947.679,/gtiNyP9BoQmPzjeDhvofUtUxpJV.jpg,2021-07-02,일곱 개의 대죄: 빛에 저주받은 자들,False,8.2,227
150,False,/rInMNJipAil3iIcBltPiGRkNAG7.jpg,"[27, 53]",672741,en,Till Death,"호화스러운 별장, 다이아몬드 목걸이, 아름다운 장미… 완벽한 결혼기념일을 보낸 엠마와 남편.  다음 날, 사랑하는 남편이 엠마의 눈 앞에서 죽어버린다. 죽은 남편과 단 둘이 별장에 고립된 엠마.  곧이어 정체 모를 괴한까지 들이닥치고 미쳐버릴 정도로 끔찍한 상황이 연속 되는데… 미칠 틈도 혼란스러울 틈도 없다! 지금 당장 벗어나야 한다!",24.468,/a3eW3SRVCtqHZlo0M96eWA89poa.jpg,2021-07-02,죽을 때까지,False,6.7,244
151,False,/yizL4cEKsVvl17Wc1mGEIrQtM2F.jpg,"[28, 878, 12]",588228,en,The Tomorrow War,현재로 긴급 메시지를 전하기 위해 2051년에서 온 한 무리의 시간 여행자들이 도착한다. 메세지의 내용은 30년 동안 미래 인류가 치명적인 외계 종족과 세계 전쟁에서 지고 있다는 것. 인류가 생존할 수 있는 유일한 희망은 현재 세계의 군인과 민간인들이 미래로 보내서 전쟁에 참여하는 것이다. 어린 딸을 위해 세상을 구하기로 결심한 댄 포레스터는 지구의 운명을 다시 쓰기 위해 뛰어난 과학자와 사이가 멀어진 아버지와 함께 팀을 이룬다.,386.51,/34nDCQZwaEvsy4CFO5hkGRFDCVU.jpg,2021-07-02,투모로우 워,False,8.1,4619
152,False,/cDVWsqsnGwIUqOSzAuDS0PIhNdW.jpg,"[18, 10749, 10402]",424277,en,Annette,"예술을 사랑한 도시 LA, 오페라 가수 '안(마리옹 꼬띠아르)'과  스탠드업 코미디언 '헨리(아담 드라이버)'는 첫눈에 서로에게 이끌린다.  함께 인생을 노래하는 두 사람에게 무대는 계속되지만, 그곳엔 빛과 어둠이 함께한다.",30.803,/1m1ZGxB1ZWUUPTe4iCJgdpqpzOq.jpg,2021-07-06,아네트,False,7.1,253
153,False,/zsH3iW60T1t2HBTtrSKzzxJ406J.jpg,"[16, 35, 10751]",846214,en,"The Simpsons: The Good, the Bart, and the Loki",심슨가족: 좋은 놈 바트 놈 로키 놈,264.223,/cXjxClTB6gHpXtRPHZw4bgCN7jK.jpg,2021-07-07,심슨 가족: 좋은 놈 바트 놈 로키 놈,False,7.6,446
154,False,/keIxh0wPr2Ymj0Btjh4gW7JJ89e.jpg,"[28, 12, 878]",497698,en,Black Widow,"어벤져스 멤버들이 뿔뿔이 흩어지고 혼자가 된 어벤져스의 히어로 블랙 위도우는  20년 전 헤어진 여동생 옐레나와 재회하는데, 이 과정에서 사라진 줄 알았던 레드룸이 아직도 실재한다는 사실을 알게 된다. 레드룸은 두 사람을 암살자로 만든 소비에트연방의 훈련기관. 두 사람은 레드룸을 없애고 지배받는 여성들을 구하기로 의기투합한다. 상대의 능력을 복제하는 빌런 태스크마스터와 새로운 위도우들의 위협에 맞서 목숨을 건 반격을 시작하는 나타샤는 스파이로 활약했던 자신의 과거 뿐 아니라, 어벤져스가 되기 전 함께했던 동료들을 마주해야만 하는데...",614.778,/oPMAUqhwQf9mLCU5xEGPv33lAJO.jpg,2021-07-07,블랙 위도우,False,7.6,6034
155,False,/7jpj6ek9dftr3IXm7Pnq2pkhir3.jpg,"[27, 9648]",591274,en,Fear Street: 1978,셰이디사이드의 과거는 과거로 머물지 않는다. 1978년 여름 캠프. 두 마을 아이들 사이에 긴장과 묘한 끌림이 들끓던 곳. 하지만 끔찍한 사건이 터지며 무시무시한 생존 싸움이 시작된다.,80.324,/5dNTxhoGDTHHGqUTdxcr4H1dqlU.jpg,2021-07-08,피어 스트리트 파트 2: 1978,False,7.3,1019
156,False,/8s4h9friP6Ci3adRGahHARVd76E.jpg,"[16, 10751, 35, 878]",379686,en,Space Jam: A New Legacy,"농구를 하기 싫다며 투정하는 아들이 갑자기 사라지고, 매트릭스 같은 공간으로 빨려 들어간 아빠 킹 제임스 앞에 나타난 도메인의 왕은 아들을 만나려면 자신과의 농구 경기에서 이겨야 한다는 것! 워너 3000 엔터테인먼트 서버버스의 ‘툰 월드’에 떨어진 킹 제임스는 아들을 되찾기 위해 루니 툰 캐릭터들과 드림팀을 결성, 군 스쿼드와 시합을 펼치는데… 놀랄 준비 완료? 지금부터 게임의 룰이 바뀐다, 레디 플레이어 원!",554.364,/bWgZVEUc3V2Yd1Tz4jdsy6jULv4.jpg,2021-07-08,스페이스 잼: 새로운 시대,False,7.3,2605
157,False,/b2L7jOgo5cHiRIvljD2GCqZiYO2.jpg,"[18, 36, 10749]",454527,fr,Benedetta,"성흔과 그리스도와의 심장 교환, 신과의 결혼 등 종교적이고 에로틱한 무아경으로 신비주의로 추앙 받으며 수녀원장에 오른 베네데타. 수녀원에 들어온 바톨로매아라는 처녀와의 사랑이 교회에 적발되면서 한순간에 부정한 여인으로 몰락하는데…",53.47,/5pzVIYH4VHkFPxGcM5H823dIPIq.jpg,2021-07-09,베네데타,False,6.6,156
158,False,/xEopUXG3LwBpBav8xT2YxKQhb22.jpg,"[18, 27, 9648, 35]",768334,it,A Classic Horror Story,공유 차를 타고 가던 다섯 명의 동승객. 그런데 뜻밖의 사고가 발생해 모두 정신을 잃는다. 눈을 떠보니 어딘지 모를 숲속. 대체 어떻게 여기 오게 됐을까. 우선 빠져나갈 길을 찾아야 한다.,64.495,/eErd3FqwgeRUcskfxkzFHqQf7F3.jpg,2021-07-14,클래식 호러 스토리,False,6.0,525
159,False,/9SISFlf6SEiIb7CMk8h0Gu3NYow.jpg,"[27, 53]",745881,th,ร่างทรง,"태국 북동부 이산 지역의 시골 마을. 이곳 사람들은 집, 숲, 산, 나무, 논밭까지, 모든 것에 혼이 깃들어 있다고 믿는다. 대를 이어 조상신 바얀을 섬기는 랑종 님은 조카 밍의 상태가 심상치 않음을 직감한다. 랑종을 취재하기 위해 님과 동행하던 촬영팀은 신내림이 대물림되는 순간을 포착하기 위해, 밍과 님, 그리고 가족에게 벌어지는 미스터리한 현상을 카메라에 담기 시작한다.",36.401,/zNRrIRcURAei4puR2SD9ZJI2a3O.jpg,2021-07-14,랑종,False,7.1,170
160,False,/zEddiBK6yZNUGVnmBJzmnYcEWiR.jpg,"[18, 53, 27]",630240,fr,Titane,"어린 시절 교통사고로 뇌에 티타늄을 심고 살아가던 한 소녀가 기이한 욕망에 사로잡혀 일련의 사건에 휘말린다. 그러던 어느 날, 그녀가 10년 전에 실종된 아들을 찾고 있는 한 남자를 만나게 되면서 벌어지는 이야기다. 호러, SF, 스릴러, 범상치 않은 러브스토리. (제26회 부산국제영화제)",93.425,/xrDachVoNFJFjvowwZ8m1P23DBy.jpg,2021-07-14,티탄,False,6.7,350
161,False,/6viJBbovWxJYavdjPy7UPTLvaOS.jpg,"[9648, 27]",591275,en,Fear Street: 1666,1666년 속의 디나는 세라 피어에 얽힌 충격적 진실을 마주한다. 1994년에서는 처절한 생존 싸움이 계속되는데. 이제 진실의 힘으로 저주의 뿌리를 끊고 셰이디사이드를 구할 수 있을까.,88.318,/rmEPtz3Ufzol2VWUAZYzOFaBio3.jpg,2021-07-14,피어 스트리트 파트 3: 1666,False,7.4,910
162,False,/hugKriLPeBm3lErSCQiFOgQzpkC.jpg,"[28, 53, 80]",574060,en,Gunpowder Milkshake,"남다른 유전자와 조기교육으로 완성된  혈중 액션농도 100%! 영앤스트롱 킬러 샘과 15년 전 업계에서 홀연히 사라졌던 실패율 0% 킬러이자 샘의 엄마 스칼렛, 폭발적 지성이 잠들어 있는 시크릿 에이전시, 도서관의 킬 사부일체 3인방. 그들의 운명을 찢어 놓은 놈들을 날려버릴  달콤하고 시원한 복수가 시작된다!",749.184,/eS0D8HzA6rsauSZjxAsEeQ2aHJw.jpg,2021-07-14,건파우더 밀크셰이크,False,6.5,382
163,False,/sjp19s49gm58iKbq64AxJxg9JgN.jpg,[35],678580,es,El mesero,,197.141,/zvGC5jX5wQmU1GgPc0VGZz7Mtcs.jpg,2021-07-15,El mesero,False,8.3,289
164,False,/wPjtacig0kIkVcTQmXoNt6jbMwo.jpg,"[28, 35]",617502,en,Jolt,"사랑하는 남친을 잃은 그녀. 더 이상의 통제는 필요 없다. 제대로 돌아버린 자. 그녀의 숨은 능력이 깨어난다! 10월, 백만 볼트 짜릿한 액션이 시작된다!",207.733,/xLc5dIdvRkMe9xVtnSB6aknD4sz.jpg,2021-07-15,졸트,False,6.8,767
165,False,/qbQ219gsHpdx33WSfdCgG9I2Xg5.jpg,"[27, 53, 9648]",547565,en,The Night House,죽은 남편의 존재가 집안에서 자꾸 느껴진다. 유령인가 했더니 그것도 아니고 다른 차원이 집과 연결된 것 같기도 하다. 아니면 모든게 베스의 우울증으로 인한 망상일 수도...,36.653,/rqs2CXpc4d5FzeP1EZCYItAVo81.jpg,2021-07-15,더 나이트 하우스,False,6.7,322
166,False,/cjcEZW4DzJgdzF3MeA9XhIdq4z5.jpg,"[80, 12, 53]",774714,en,Out of Death,"사진 기자인 섀넌은 아버지의 유해를 산에 뿌리기 위해 등산을 하던 중 부패 경찰이 협력 관계의 마약상을 살해하는 현장을 목격한다. 있는 힘껏 도망치지만 경찰에게 붙잡힌 섀넌. 목숨을 잃을 위기에 처한 순간, 퇴직 경찰 잭(브루스 윌리스)이 우연히 그 광경을 목격하고 그녀를 도와주는데...",15.311,/ycXkhhukOcWUVffYFJfiJehAegt.jpg,2021-07-16,데스 게임,False,6.4,125
167,False,/ngT5lZ37bvryz5popo1IDOh03WL.jpg,"[18, 53]",635731,en,Pig,"마음의 상처로 사람을 혐오하게 된 전직 요리사 로빈(니콜라스 케이지)은 오리건의 깊은 숲속에서 이름도 지어주지 않은 돼지 한 마리와 함께 트러플(송로버섯)을 채취하며 홀로 살고 있다. 어느 날 밤, 유일한 친구이자 트러플을 찾아주는 소중한 돼지가 오두막에 침입한 누군가에 의해 납치되어 사라진다. 사라진 돼지를 찾아서 한때 자신이 요리사로 이름을 날렸던 포틀랜드로 돌아온 로빈은 애써 잊고 지냈던 과거와 다시 마주 서게 된다. 소중한 돼지를 찾아 스스로 등을 돌렸던 세상으로 다시 돌아가야 하는 전직 스타 요리사의 이야기를 다룬 신작 스릴러 드라마 영화.",31.438,/1InMm4Mbjx8wCKvIy5gglo5i3HN.jpg,2021-07-16,피그,False,6.7,379
168,False,/3OwaKVZf3A2NdnarqKbwzFEhKir.jpg,"[16, 14, 10751, 28, 12, 878]",730840,en,Trollhunters: Rise of the Titans,어둠의 세력이 다가오고 있다. 지구를 파괴하고 세상을 손에 넣으려 한다. 그에 맞서 일어선 《트롤헌터》 《3 언더》 《위저드》의 영웅들. 굳게 손잡은 그들을 맞이하라. 운명을 걸고 싸워라.,130.562,/zvUNFeTz0Sssb210wSiIiHRjA4W.jpg,2021-07-21,트롤헌터: 라이즈 오브 타이탄,False,8.0,204
169,False,/A2tQrEbK8T9gxa6kLW7Fc65EXlO.jpg,"[18, 36]",649394,en,Worth,"9•11 테러 피해자 보상 기금 운영을 맡게 된 협상 전문 변호사 켄은 25개월 안에 80%의 유족 동의를 받아야만 한다. 하나의 사건, 서로 다른 보상금. 남겨진 이들을 위한 진심의 협상이 시작된다.",20.642,/aVuboXJjrvbVwWbn3UTDRy88yUA.jpg,2021-07-21,워스,False,6.9,126
170,False,/iTgM25ftE7YtFgZwUZupVp8A61S.jpg,"[53, 27]",631843,en,Old,"피서 휴가로 외딴 해변으로 간 가족이 몇 시간동안 쉬는 동안, 어째서인지 그들은 빠르게 노화되는 이야기이다.  그들의 모든 삶은 단 하루로 줄어든다.",378.951,/hyy0g2Lt9rHoP7qwdCnJYGksu7h.jpg,2021-07-21,올드,False,6.6,1707
171,False,/AsKrGC7Y5J5k4BFbY9Upp09vJsH.jpg,"[12, 35]",577242,fr,Kaamelott: Premier volet,,72.987,/4mcovnajaLoy7dbv5arykJjDFFC.jpg,2021-07-21,카멜롯: 퍼스트 인스톨먼트,False,7.2,315
172,False,/9sfVyE3sP2dkCwDyV7UlYP5TAAR.jpg,[35],823754,en,Bo Burnham: Inside,"정말 이상한 1년이었다. 집 밖으로 나가지를 못했다. 그래도 새로운 노래와 신선한 시각을 얻었으니, 어떻게든 보여줘야지. 격리 상태의 보 번햄. 그가 쓰고 찍고 공연한 코미디 스페셜이다.",10.084,/ku1UvTWYvhFQbSesOD6zteY7bXT.jpg,2021-07-22,보 번햄: 못 나가서 만든 쇼,False,8.3,116
173,False,/2OFg5p9yarI5zZsUWKCRgBgPctj.jpg,"[28, 12]",568620,en,Snake Eyes: G.I. Joe Origins,"상징적인 지.아이.조 영웅인 스네이크 아이즈(헨리 골딩)의 시초를 알아보는 액션으로 무장한 모험 속에서 가만히 앉아 있기 힘들 것이다. 고대 일본의 아라시카게라는 가문의 후계자 스톰 섀도(앤드루 코지)를 구한 뒤 그 가문으로 들어간 스네이크 아이즈는 코브라라는 테러리스트 그룹에 맞서는 전투에 합류한다. 자신의 한계를 밀어붙이는 스네이크 아이즈는 궁극의 전사가 되지만, 과거의 비밀이 수면 위로 드러나자 그의 명예와 충성심이 시험에 들게 된다. 그것이 그가 싸워 온 모든 것을 잃게 된다해도 말이다. 우르술라 코르베로가 배러니스로 출연하며, 서매라 위빙은 스칼릿으로 분한다.",806.19,/fYH6tztMcuiuvLCuPTudml1JDGT.jpg,2021-07-22,스네이크 아이즈: 지.아이.조,False,6.8,834
174,False,/pfcj8IYB5bK8RTWiHwOCGfIzVw6.jpg,"[18, 14, 53]",845222,ko,킹덤: 아신전,비극과 배신이 삶을 덮친다. 기이하고 불길한 뭔가를 발견한다. 한순간에 가족과 동족을 잃은 여인. 오직 복수를 꿈꾸며 살아온 그녀가 짙은 어둠을 마주한다.,40.483,/dBz61uAt6xjJt4yqhiZXQt0a1bB.jpg,2021-07-23,킹덤: 아신전,False,7.6,324
175,False,/e3JXvbbWNARPqMURImTALZBHVME.jpg,"[27, 53, 28]",760883,de,Blood Red Sky,"의문의 병을 앓는 여자. 치료를 위해 어린 아들과 대서양을 가르는 비행기에 오른다. 목적지까지 반쯤 왔을까. 비행기가 테러리스트들에게 점령당하고, 여인은 생존 싸움을 시작한다. 그간 어렵사리 숨겨온 어둠의 힘을 뿜어내며.",82.012,/v7aOJKI5vxCHotHvN8O7SR6SpP6.jpg,2021-07-23,블러드 레드 스카이,False,7.2,960
176,False,/2K6To8RV2LpzuStfkz8zeVvR1TP.jpg,"[80, 9648, 53, 28]",693113,en,Midnight in the Switchgrass,2004년 펜사콜라에서 16살 소녀 루시 베일러가 트럭 정류장에서 실종되고 탈라하시의 창녀 새라 켈로그가 인적이 드문 숲에서 시신으로 발견된다. 플로리다주 FDLE 소속 요원 바이런은 새라의 살해 수법이 이전 6건의 미제 살인 사건과 유사하다고 판단한다. 한편 창녀들에 대한 연쇄 살인범을 잡기 위해 FBI 요원 레베카는 매춘부로 위장한 뒤 피터와 만나기 위해 오아시스 모텔에서 기다린다. 하지만 포주인 캘빈에게 쫓겨난 피터는 다른 트럭 운전사에게 괴롭힘을 받고 있던 트레이시를 구해 자신의 트럭에 태운다. 피터는 8살 난 딸 베서니를 이용해 트레이시를 집까지 데려가 창고에 감금한다. 그 후 피터는 무스탕 모텔에서 또 다른 20살 난 매춘부를 잔혹하게 살해한다. 무스탕 모텔 살인 현장에 있던 바이런 요원은 그곳에 나타난 FBI 요원 레베카 그리고 칼과 첫 대면을 하게 된다. 바이런과 레베카는 7명의 여성을 잔인하게 살해한 연쇄 살인범을 잡기 위해 협력하기로 약속한다. 펀핸들의 핸들바에서 살인범과 만나기로 약속한 레베카는 바이런과 함께 피터를 잡기 위해 위험을 무릅쓰고 기다리는데...,22.582,/1OTSuh2HNcTRfme8caU8DjgJ39K.jpg,2021-07-23,미드나잇 인 더 스위치그래스,False,6.5,177
177,False,/AmzVV7kqds8BJBXwnQtx5YpqFdU.jpg,"[18, 10749]",638449,en,The Last Letter From Your Lover,한 기자가 1960년대에 쓰인 연애편지 몇 통을 발견한다. 오래된 종이에 남은 은밀한 연인의 사연. 거기에 마음이 끌린 그녀는 사랑의 미스터리를 풀어보려 한다. 조조 모이스의 소설 원작.,52.887,/9hZXXCXC1eYZQHfDjygP6nvQAuk.jpg,2021-07-23,더 라스트 레터,False,7.5,329
178,False,/7WuVUAsWWHt4g11R1HalX0RX2bh.jpg,"[16, 9648, 28, 80]",736074,en,"Batman: The Long Halloween, Part Two",홀리데이로 알려진 살인범은 고담 시에서 새로운 종류의 복장을 한 범죄자가 부상하는 동안 팔코니 일가를 계속 스토킹하고 있다. 배트맨은 이전의 동맹자가 연쇄살인범일 수도 있다고 의심한다.,95.704,/5X1n5q08mZ7NpNpxehMFODxfNYq.jpg,2021-07-26,배트맨 롱 할로윈 파트2,False,7.7,225
179,False,/6tPOZmNQ1tbzlhcMmyhYN1a1dEh.jpg,"[28, 53]",809968,pl,Bartkowiak,시합에서 불명예 패배를 기록한 격투기 선수. 얼마 후 사고로 형을 잃고 형이 경영하던 클럽을 물려받는다. 그 비극이 사고가 아니었음을 알게 된 그는 곧 격랑에 휘말리는데.,129.255,/kOVko9u2CSwpU8zGj14Pzei6Eco.jpg,2021-07-28,바르트코비아크,False,6.3,115
180,False,/7WJjFviFBffEJvkAms4uWwbcVUk.jpg,"[12, 14, 35, 28]",451048,en,Jungle Cruise,"미지의 세계 아마존에서 관광객들에게 최고의 스릴을 선사하는 재치 넘치는 크루즈 선장 프랭크. 고대 아마존의 전설을 쫓아 영국에서 온 식물 탐험가 릴리 박사가 의학의 미래를 바꿀 치유의 나무를 찾는 여정에 함께 할 것을 제안하면서, 순탄치 않은 모험을 시작하게 된다. 달라도 너무 다른 두 사람은 아름답지만 온갖 위험이 도사리는 열대우림으로 함께 모험을 떠나고 수많은 역경과 초자연적인 힘을 마주하게 되는데...",701.286,/dhzaUc8AFg5v8nbCfHHto2vqGHU.jpg,2021-07-28,정글 크루즈,False,7.7,3344
181,False,/jlGmlFOcfo8n5tURmhC7YVd4Iyy.jpg,"[28, 12, 14]",436969,en,The Suicide Squad,최고의 사망률을 자랑하는 벨 리브 교도소. 미국 정보국 월러 국장(비올라 데이비스)은 태스크 포스 X라는 극비 군사 작전팀을 꾸리기 위해 이곳에 왔다. 그녀는 수감 중인 슈퍼 빌런들을 팀에 합류시키기 위해 사면이나 감형을 조건으로 제시한다. 또한 만약을 대비해 언제라도 이들을 처형할 수 있게 머리에 폭탄도 심어놓는다. 우여곡절 끝에 완성된 팀은 두개로 나뉘어 남미의 작은 섬나라 코르토 몰티즈로 향한다. 이들의 임무는 이 섬에 위치한 요툰하임이라는 비밀 연구실에 잠입해 스타피쉬의 흔적을 없애는 것. 각기 다른 해안가에 도착한 두 팀은 상반된 상황을 맞이한다.,619.722,/1FiLuxuowOusZAG1vvI4TorMuNG.jpg,2021-07-28,더 수어사이드 스쿼드,False,7.8,4827
182,False,/TB88CYene7rzMs32FzFTLs0eU4.jpg,"[10749, 35]",785539,en,Resort to Love,"실연에 울고, 막막한 가수 생활에 또 우는 여자. 호화 리조트에서 가수로 일하기 시작한 것까진 좋았는데. 아뿔싸, 이게 웬걸? 전 약혼자가 리조트에 왔다. 다른 여자와의 결혼식을 위해!",95.735,/6TrkFcgCF8Vznk45rs3qvxxejiV.jpg,2021-07-29,사랑의 리조트,False,7.4,269
183,False,/ckCrunvxJ1SqL1w4goJGGGZ5PGP.jpg,"[18, 80, 53]",616651,en,Stillwater,"오클라호마주 스틸워터에 살고 있는 실직한 석유 굴착공 빌 베이커는 외동딸 앨리슨을 만나기 위해 프랑스 마르세이유로 향한다. 대학생이던 앨리슨은 동성 연인 리나를 살해한 혐의로 9년형을 선고받고 5년째 마르세이유 감옥에 갇힌 상태다. 앨리슨은 면회를 온 아빠 빌에게 재수사를 요구하는 편지를 변호사 레파르크에게 전해달라고 부탁한다. 아킴이 리나를 칼로 찔렀다는 내용의 편지를 본 레파르크는 그것만으로는 법원의 재심 결정이 힘들다고 난색을 표한다. 직접 앨리슨의 지도교수였던 패트릭을 찾아간 빌은 리나를 살해한 아킴의 말을 직접 들었다는 수아드의 연락처를 얻는다. 빌은 통역해 줄 연극배우 버지니와 함께 수아드를 만나지만 수아드는 아킴에 대한 자세한 정보를 제공하길 두려워한다. 그 후 버지니가 SNS에서 입수한 사진에서 아킴을 찾은 빌은 아킴이 살고 있는 아랍인의 도시 칼리스테로 들어간다. 하지만 빌은 아랍 청년들에게 둘러싸여 심하게 구타당하고 앨리슨은 아킴을 잡을 수 있는 기회를 놓친 빌에게 더 이상 찾아오지 말라고 이야기한다. 빌은 마르세이유에서 노동자로 일하며 버지니의 9살 딸 마야를 돌보면서 그녀의 아파트에서 생활한다. 그로부터 4개월 뒤, 벨은 마야와 함께 간 오렌지 축구 경기장에서 잊고 있었던 아킴을 보게 되는데...",75.723,/nCMZ097zuwe8MOzBInqUAh3PsdH.jpg,2021-07-29,스틸워터,False,7.0,365
184,False,/al0aXl47cWkf4jnKuPiEZtjWT8j.jpg,"[12, 18, 14]",559907,en,The Green Knight,"크리스마스 이브, 아서왕과 원탁의 기사들 앞에 나타난 녹색 기사, “가장 용맹한 자, 나의 목을 내리치면 명예와 재물을 주겠다”고 제안한다. 단, 1년 후 녹색 예배당에 찾아와 똑같이 자신의 도끼날을 받는다는 조건으로. 아서왕의 조카 가웨인이 도전에 응하고 마침내 1년 후, 5가지 고난의 관문을 거치는 여정을 시작하는데... 전설이 될 새로운 모험, 너의 목에 명예를 걸어라!",95.763,/7myc6oVR4oXu5Rd5twllyFu85E2.jpg,2021-07-29,그린 나이트,False,6.7,572
185,False,/y1WpGHdu5upQbuU2WqC2RsArZel.jpg,"[28, 35, 53, 27]",760747,no,I onde dager,분노만 남은 결혼 생활. 부부는 서로를 죽이려는 계획을 숨기고 외딴 산장으로 여행을 떠난다. 하지만 진짜 적은 서로가 아니었으니. 그곳에서 더 큰 위험이 두 사람을 기다리고 있다.,491.148,/zBnA1Yi5ofvU7B4Yd37hLbh5LSD.jpg,2021-07-30,트립,False,6.9,156
186,False,/fZ4hrFacm5yow9gT64rS6YMNyHz.jpg,"[28, 35]",729720,fr,Le Dernier Mercenaire,"오래전 프랑스를 떠나야 했던 첩보 요원. 그가 아들을 위해 자신을 등진 고국에 돌아온다. 테러 조직의 음모로 위험에 내몰린 아들. 아빠의 이름으로, 반드시 구하리라.",213.73,/sNfEiOU2QOACkdcUBKRzhFcIYTN.jpg,2021-07-30,더 라스트 머시너리,False,6.8,433
187,False,/2BftdeCkD7uf68KUxaKRBxtsmZZ.jpg,"[16, 10751, 35]",449406,en,Vivo,난 가야 한다. 두려움을 이겨내고 노래해야 한다. 음악을 사랑하는 킨카주. 비보는 아바나에서 마이애미까지 일생일대의 모험을 떠난다. 오랜 친구가 남긴 사랑의 노래를 전하러!,208.792,/eRLlrhbdYE7XN6VtcZKy6o2BsOw.jpg,2021-07-30,비보의 살아있는 모험,False,7.7,426
188,False,/twWLgj5hHFUI9PWE5vpet0OIxjA.jpg,"[27, 80, 18, 53]",763149,en,Aftermath,관계 회복을 위해 환경을 바꾸려는 젊은 부부가 저렴하게 나온 꿈의 집에 입주하면서 벌어지는 실화를 바탕으로 한 극영화,76.738,/cbhxqeDIgeX36x5jmOvl5OP2MCv.jpg,2021-08-04,애프터매스,False,6.6,346
189,False,/oKL8y3MoXtsEMVo2MlPiUaAHWJz.jpg,"[12, 35, 28]",604563,fr,OSS 117 : Alerte rouge en Afrique noire,,11.335,/6J0F1q9cJstqHbtaoS9nTQ4oCbx.jpg,2021-08-04,OSS 117 : Alerte rouge en Afrique noire,False,5.8,251
190,False,/lzLzKXq2C0kL5Pu7VW5sNl5KV6L.jpg,"[28, 12, 80, 18, 9648, 53]",597433,en,Beckett,그리스에서 비극적인 사고를 겪은 미국인 관광객. 그가 알 수 없는 이유로 암살의 표적이 된다. 남자를 조여오는 정치적 음모의 실체는 무엇일까. 그 답과 생존을 향한 필사의 도주가 시작된다.,173.341,/fBJducGBcmrcIOQdhm4BUBNDiMu.jpg,2021-08-04,베킷,False,6.4,391
191,False,/w2jm8I0K83aZzHcI4Acl8DtuXCt.jpg,"[16, 10751, 12, 35]",675445,en,PAW Patrol: The Movie,"시민들을 속여 어드벤처 시티의 시장이 된 날씨 악당 `험딩어`는 취임식 당일, 구름을 조종해 천둥번개를 만드는 등 시민들을 위협하며 본모습을 드러낸다. 그런 가운데, 용감한 시민 퍼피 `리버티`로부터 어드벤처 시티가 위험에 빠진 소식을 들은 퍼피 구조대는 신속하게 시티로 출동하는데…! 위기에 빠진 어드벤처 시티의 운명은?",574.913,/eCwoA6FoMyvBaO4HB4BzhAKa1Mw.jpg,2021-08-09,퍼피 구조대 더 무비,False,7.7,691
192,False,/4Tz8V8aRim8cFgKEWprSUjBy8tY.jpg,"[18, 10402, 10749]",776503,en,CODA,24/7 함께 시간을 보내며 소리를 들을 수 없는 가족을 세상과 연결하는 코다 '루비'는 짝사랑하는 '마일스'를 따라간 합창단에서 노래하는 기쁨과 숨겨진 재능을 알게 된다. 합창단 선생님의 도움으로 마일스와의 듀엣 콘서트와 버클리 음대 오디션의 기회까지 얻지만 자신 없이는 어려움을 겪게 될 가족과 노래를 향한 꿈 사이에서 루비는 망설이는데…,50.472,/hqu5qQqgm1OivfgXpX0eU6DPFXc.jpg,2021-08-11,코다,False,8.3,279
193,False,/oOZM1C3wZtsZtdidVgEazeas7U4.jpg,"[10749, 35]",727745,en,The Kissing Booth 3,"절친이 있는 버클리? 아님 남친이 있는 하버드? 둘 중 어디에 입학할지 못 정한 엘. 역대급 여름을 위한 버킷 리스트부터 세운다. 근데 구 썸남의 등장으로 묘해진 이 분위기, 어쩔 거야?!",123.513,/c7xcqnMDVQ5v1hJBm3AZ5YikNe6.jpg,2021-08-11,키싱 부스 3,False,7.3,1242
194,False,/zHHcindG4uVZLPLuYWoo4rnv6Ti.jpg,"[18, 28, 53]",595743,en,SAS: Red Notice,파리행 열차가 탈취됐다. 적색 수배가 내려진 악명 높은 블랙 스완에 의해. 그 열차에 여자 친구와 함께 타고 있던 특수 부대 대원 톰. 그는 혼자서 싸움을 시작한다. 아주 힘든 싸움을.,288.624,/6Y9fl8tD1xtyUrOHV2MkCYTpzgi.jpg,2021-08-11,SAS 특수부대: 라이즈 오브 블랙 스완,False,6.0,279
195,False,/8Y43POKjjKDGI9MH89NW0NAzzp8.jpg,"[35, 28, 12, 878]",550988,en,Free Guy,"평범한 직장, 절친 그리고 한 잔의 커피.  평화로운 일상 속 때론 총격전과 날강도가 나타나는 버라이어티한 ‘프리시티’에 살고 있는 ‘가이’. 그에겐 뭐 하나 부족한 것이 없었다. 우연히 마주친 그녀에게 한눈에 반하기 전까지는…  갖은 노력 끝에 다시 만난 그녀는 ‘가이’가 비디오 게임 ‘프리시티’에 사는 배경 캐릭터이고, 이 세상은 곧 파괴될 거라 경고한다. 혼란에 빠진 ‘가이’ 그러나 그는 ‘프리시티’의 파괴를 막기 위해 더 이상 배경 캐릭터가 아닌, 히어로가 되기로 결심한다.",1439.169,/sEYyQ4lW43jg77yTiTSRUNVdtMc.jpg,2021-08-11,프리 가이,False,7.8,3765
196,False,/lbU0I0YWSgSm0GuMZbSvHmxO8gy.jpg,"[18, 27, 9648]",788929,is,Dýrið,"양 농장을 운영하는 부부 ‘마리아’와 ‘잉그바르’가 놀랍고 신비한 아이를 가족으로 맞이하며 벌어지는 이야기를 그린, 가장 충격적인 슈퍼 내추럴 스릴러",32.505,/gP9yviboTGWGolqUZKIB1UkF1C2.jpg,2021-08-12,램,False,6.7,143
197,False,/m0ppE0yXQeFWzlwLdDUFRfanp9R.jpg,"[10402, 18, 36]",592863,en,Respect,"세상을 바꾸고 영혼을 위로한 환상의 디바, 아레사 프랭클린의 유년 시절부터 히트곡을 갖고 싶어하는 신인 가수를 거쳐 자신이 부르고 싶은 노래를 부를 수 있게 된 여왕의 자리에 오르기까지 삶의 발자취를 차근차근 훑어 나간다. 특히 스포트라이트를 받는 화려한 가수로서의 삶 이면에 한 인간으로서 또 한 여자로서 평탄치만은 않았던 일상의 모습들을 통해 진짜 아레사 프랭클린의 이야기를 들려준다.",22.055,/gEkTv6HfZUx8w2QLla7MWlUYlCG.jpg,2021-08-12,리스펙트,False,6.8,115
198,False,/uHmvk8FnoxpgujDU0RIXLkv2fNt.jpg,"[16, 35]",573164,es,Un rescate de huevitos,,266.999,/wrlQnKHLCBheXMNWotyr5cVDqNM.jpg,2021-08-12,Un rescate de huevitos,False,8.1,262
199,False,/pUc51UUQb1lMLVVkDCaZVsCo37U.jpg,"[53, 27]",482373,en,Don't Breathe 2,"끔찍한 일이 벌어졌던 그날 밤 이후, 비밀스러운 과거를 가진 소녀 ‘피닉스’와 함께 세상과 단절된 일상을 보내던 눈 먼 노인 ‘노먼’ 어느 날 밤, 정체불명의 괴한들이 침입해 ‘피닉스’를 납치하고 소녀를 되찾기 위해 잠들어 있던 그의 광기가 다시 깨어나는데… 그는 과연 소녀의 수호자인가 괴물인가? 9월, 어둠 속 진실이 밝혀진다!",305.185,/2xTZ5VI9iYEAbeVewqSbO0fIAIm.jpg,2021-08-12,맨 인 더 다크 2,False,7.6,1182
200,False,/5VydHjmbPiXAfJ2RJWFCjNdLS85.jpg,[53],847981,de,Schwarze Insel,평화롭게만 보이는 섬마을. 부모를 잃은 뒤 할아버지와 함께 살던 요나스는 어느 날 섬으로 이사 온 미스터리한 교사와 가까워진다. 이로 인해 섬의 어두운 비밀을 마주할 줄은 꿈에도 모른 채.,87.024,/lthWL35rQlNbb9UAv44KEhKNEOX.jpg,2021-08-17,블랙 아일랜드,False,6.2,112
201,False,/vkIJ2QgcKMJRvi6pBW4Tr2kgLdy.jpg,[53],637534,fr,BAC Nord,"출동해 봐야 매번 잡범만 잡을 뿐인 프랑스 마르세유의 형사 삼인조. 상부의 실적 압박이 거센 가운데, 마침 마약 조직을 일망타진할 기회가 왔다. 승진도 시켜 줄 테니 어떻게든 작전만 성공시키라는 주문에 그들이 팔을 걷어붙인다.",364.265,/1XjjXNUxF5XbHPxyH7aSC1O3fA3.jpg,2021-08-18,더 스트롱홀드,False,7.7,499
202,False,/nprqOIEfiMMQx16lgKeLf3rmPrR.jpg,[28],619297,en,Sweet Girl,"제약 회사의 탐욕에 평생의 사랑을 잃은 남자. 이제 딸에게는 어머니가 없고, 세상에는 정의가 없다. 그렇다면 정의를 직접 실현하는 수밖에. 가족을 위한 피할 수 없는 싸움이 시작된다.",330.114,/uZUBlndAmbOiYoA071OwWIGD8xQ.jpg,2021-08-18,스위트 걸,False,6.9,718
203,False,/4O40vu2KOgnFfxvrZgzBG6havQ.jpg,"[28, 80, 53]",645788,en,The Protégé,"1991년, 어린 소녀 애나는 가족을 잔인하게 살해한 사람들을 죽인다.  전설적 암살자 무디는 베트남 다낭에서 만난 애나를 런던으로 데려가 제자(Protege)로 키운다.  2021년, 최고의 킬러로 거듭난 애나는 무디와 함께 루마니아 부쿠레슈티에서 마피아 보스 돈 프레다를 암살한다.  런던으로 돌아와 70번째 생일을 맞은 무디는 자신이 암살한 에드워드의 아들 루카스를 찾아 달라고 애나에게 부탁한다.  어느 날, 마이클 렘브란트가 애나가 운영하는 서점에 찾아와 명함을 주고 간다.  그 후 무디와 가정부 그리고 베니가 잔인하게 살해당하고 애나 역시 서점에서 총알 세례를 받는다.  애나는 두 명의 암살자를 없애고 죽기 전 베니가 준 파일을 통해 에드워드가 죽은 후 그의 친구인 조시노 볼이 사업을 운영 중이라는 사실을 알게 된다.  무디의 복수를 위해 30년 만에 다낭으로 돌아온 애나는 폭주족 보스 빌리 보이의 도움을 얻어 볼에게 접근한다.  하지만 듀켓이 볼을 죽이고 애나가 루카스의 뒤를 캐는 이유를 알아내기 위해 그녀를 고문한다.  그 후 듀켓의 아지트에서 탈출한 애나는 몸도 제대로 가누지 못하는 루카스가 세인트 퀴테리아 병원에 입원해 있음을 알게 되는데...",484.918,/8SAWREjfLyArr2pYo1gHihCthY8.jpg,2021-08-19,킬링 카인드,False,6.8,356
204,False,/8yhWlFcJ8zCqjfCvLy3lWFuawR1.jpg,[878],579047,en,Reminiscence,"해수면의 상승으로 도시의 절반이 바다에 잠긴 가까운 미래. 과학자 닉은 과거의 기억 일부를 선택해 다시 체험할 수 있는 기억 탱크를 개발한다. 좋았던 시절을 잊지 못해 닉을 찾는 고객들 중 하나인 메이는 닉과 운명처럼 사랑에 빠진다. 그러나 어느 날 메이는 흔적도 없이 사라져 버리고, 닉은 그녀의 실종이 어떤 음모와 연관되어 있음을 깨닫는다. 기억을 추적하던 끝에 메이의 진실을 마주한 닉은 선택의 기로에 놓이는데...",78.121,/iI078p5Z6pFLkgqOMoIwCG33Xou.jpg,2021-08-19,레미니센스,False,7.0,878
205,False,/orGlr1vHTgbDkGJPwuBjd8ncVjQ.jpg,"[16, 28, 14]",666243,en,The Witcher: Nightmare of the Wolf,"가난에서 벗어나고 싶었다. 타고난 운명을 거부하려 했다. 스스로 위쳐의 길을 택한 베스미어, 돈을 위해 괴물을 사냥하는 사내. 하지만 알 수 없는 위협과 더불어 과거의 어둠이 그를 덮친다.",31.347,/3sLz2yv6vBDWqBbd8rdnNeoJ2kJ.jpg,2021-08-23,위쳐: 늑대의 악몽,False,7.8,433
206,False,/3rwszCm4XyBtIWSjbUbgNwJOidu.jpg,[53],645710,en,The Voyeurs,"'롭티크'에서 일하는 안경사 피파는 연인 토머스와 함께 몬트리올 시내의 멋진 아파트에서 동거를 시작한다. 첫날밤, 피파와 토머스는 사랑을 나누는 이웃집 연인 셉과 줄리아를 우연히 보게 된다. 그 후 피파는 망원경을 사서 다른 여자와 바람을 피우는 사진작가 셉을 지켜본다. 처음에는 호기심과 재미로 시작했던 피파의 관음증이 점차 집착과 스토킹으로 변해간다. 피파는 토머스와 함께 셉과 줄리아의 핼러윈 가면 파티에 참석한다. 셉의 아파트에 몰래 수신기를 설치한 피파는 레이저를 통해 두 사람의 대화를 엿듣는다. 다음 날, 줄리아가 안경을 맞추기 위해 롭티크에 찾아온다. 줄리아는 친절하게 시력 검사를 해 준 피파를 스파에 초대한다. 피파는 남편이 전부라고 말하는 줄리아에게 셉의 불륜 사실을 차마 말하지 못한다. 얼마 후 또다시 모델과 바람을 피운 셉을 목격한 피파는 익명으로 남편이 바람피운다는 사실을 줄리아에게 알리는데...",88.954,/8Y4XOIWhpOvSOEn8XrxbkH9yAXO.jpg,2021-08-25,더 보이어즈,False,6.9,284
207,False,/5WPKkfVcMtQ0YOvSovbmxvNq3i1.jpg,"[27, 53]",565028,en,Candyman,"들어봤니?  미지의 존재 캔디맨  비주얼 아티스트 ‘안소니’는 새 작품 구상을 위해 어릴 적 살던 도시로 돌아가고,  그곳에서 오래 전부터 떠돈 괴담을 듣고 매혹되면서 ‘캔디맨’에 대한 충격적인 비밀을 알게 되는데...  불러봤니?  죽음을 부르는 남자 캔디맨  세상을 뒤흔든 미지의 존재  캔디맨, 캔디맨, 캔디맨, 캔디맨...  한 번만 더 부르면 그가 나타나게 되는데…  용기가 있다면 그의 이름을 불러봐",140.56,/dvV781x0yNiKS7Bs8EPWQvjukE3.jpg,2021-08-25,캔디맨,False,6.3,611
208,False,/gzppdxEJ6fofhtLzSVSUJZEVxvq.jpg,"[28, 878, 53]",848278,en,Jurassic Hunt,"아무도 찾지 않는 황야에 모인 ‘파커’와 일급 사냥꾼들. 그들의 눈앞에 유전학으로 재탄생 된 공룡들이 공개되고, 곧 세상에서 가장 위험한 게임이 시작된다. 먹히고 먹히는 서바이벌 속에서 공룡들은 점점 통제할 수 없게 되어버리고, ‘파커’와 사냥꾼들은 이 아수라장에서 탈출을 하려 하는데… 지상 최대의 사냥 게임이 시작된다!",274.307,/bZnOioDq1ldaxKfUoj3DenHU7mp.jpg,2021-08-26,쥬라기 헌트,False,5.0,156
209,False,/o0UGl6icA4DbhmDNgdZ5AWvuTtM.jpg,[35],653349,en,Vacation Friends,"모범생 마커스와 에밀리는 멕시코의 리조트에 갔다가, 쾌락을 추구하는 론, 카일라와 친구가 된다. 마커스와 에밀리는 새로 사귄 ‘휴가 친구’와 함께 아무 거리낌 없이 즐겁고 방탕한 일주일을 보낸다. 광란의 휴가를 보낸 몇 달 후, 마커스와 에밀리는 자신들의 결혼식에 초대하지도 않은 론과 카일라가 나타나자 경악을 금치 못한다.",160.268,/kdnZgD1PfNQmRKWBAFvCsyNfFG7.jpg,2021-08-27,휴가 친구,False,7.3,340
210,False,/wsztJfJvJW5nXxn5n0DIMzH2TDM.jpg,"[35, 10749]",347626,en,He's All That,"메이크오버 전문으로 잘나가는 10대 인플루언서 패짓. 그녀가 불가능한 작전에 돌입한다. 인기 없는 남학생 하나를 프롬의 왕으로 만드는 것! 10대 영화의 고전 ""쉬즈 올 댓""의 리메이크다.",155.336,/kW3AG5NHoyq52dcSbMiFB6LyHvk.jpg,2021-08-27,히즈 올 댓,False,6.9,713
211,False,/dssCw0mUmD4EriUmkwB3PnsGu4q.jpg,"[16, 28, 14]",841755,en,Mortal Kombat Legends: Battle of the Realms,,206.097,/ablrE8IbWcIrAxMmm4gnPn75AMS.jpg,2021-08-30,Mortal Kombat Legends: Battle of the Realms,False,8.1,185
212,False,/aSgFDRnfppKxRGZE8BWOfgzAR3k.jpg,"[28, 27, 53]",523638,en,Prisoners of the Ghostland,"히어로(Hero)는 사이코(Psycho)와 함께 무장한 채 사무라이 타운의 블루퓨어 은행을 턴다. 흥분한 채 아이와 사람을 해치는 사이코를 말리던 히어로는 출동한 경찰에게 사이코가 체포되는 동안 혼자 달아난다. 그 후 체포된 히어로는 은행 강도 및 살인 혐의로 수감된다. 몇 년 후, 사무라이 타운의 지배자 가버너(Governor)는 양손녀 버니스를 고스트랜드에서 데려 오면 자유를 주겠다고 히어로에게 제안한다. 폭발 장치가 장착된 슈트를 입은 히어로는 5일 안에 버니스를 찾기 위해 고속도로를 따라 고스트랜드로 향한다. 히어로는 고스트랜드를 지키는 유령을 만난 뒤 정신을 잃는다. 얼마 후 눈을 뜬 히어로에게 고스트랜드의 지도자 에녹은 이곳에서 탈출할 수 없다고 말한다. 히어로는 유령을 피해 마네킹 안에 숨어 있는 버니스를 발견한다. 버니스와 탈출을 시도하던 히어로는 폭발로 고환과 한쪽 팔을 잃은 후 다시 고스트랜드의 사람들에게 돌아간다. 영웅처럼 자신의 의무를 깨달은 히어로는 두려움과 공포의 공간인 고스트랜드에 갇힌 사람들에게 함께 탈출하자고 말하는데...",32.455,/j5HRzcvN1QXZLvwfc3NLxX8XQJY.jpg,2021-08-31,프리즈너스 오브 더 고스트랜드,False,5.4,174
213,False,/lV3UFPPxDIPelh46G9oySXN9Mcz.jpg,"[10749, 18]",744275,en,After We Fell,"영국 런던에서 미국 시애틀까지, 핫스팟에서 시작된 사랑의 클라이맥스! 첫사랑, 첫키스, 첫경험, 설렘 가득했던 처음을 뒤로 하고 꿈을 위해 잠시 서로를 떠나게 된 하딘과 테사. 각자 영국 런던과 미국 시애틀에서 롱디 연애를 앞둔 두 사람은 시간과 장소를 가리지 않고 달콤한 사랑을 속삭인다. 하지만 연애와 꿈의 갈림길에 선 둘은 서로에게 감춘 '누군가'의 존재와 예상치 못한 비밀까지 알게 되면서 사랑의 클라이맥스에 치닫게 되는데…",1697.09,/o0PgoBD6jLYId3LYpu9yUY06SLT.jpg,2021-09-01,애프터: 관계의 함정,False,7.2,941
214,False,/xDnFlNrNUoSKPq4uptnhYmUZNpm.jpg,"[27, 9648, 53]",619778,en,Malignant,"폭력적인 남편의 죽음 이후, 연쇄 살인 현장이 보이기 시작했다. 그리고 어릴 적 상상 속의 친구 가브리엘이 진짜로 나타나는데...",254.134,/qfB6QNaCtmGDy9ujvBOUs7UaPx.jpg,2021-09-01,말리그넌트,False,7.0,1035
215,False,/cinER0ESG0eJ49kXlExM0MEWGxW.jpg,"[28, 12, 14]",566525,en,Shang-Chi and the Legend of the Ten Rings,초인적인 능력을 가진 텐 링즈의 힘으로 수세기 동안 어둠의 세상을 지배해 온 웬우. 샹치는 아버지 웬우 밑에서 암살자로 훈련을 받았지만 이를 거부하고 평범함 삶을 선택한다. 샌프란시스코로 떠나와 자신의 진짜 이름을 숨긴 채 션이란 가명으로 살아가는 샹치. 웬우가 수장으로 있는 조직 텐 링즈의 일원인 레이저 피스트가 찾아와 샹치의 펜던트를 훔쳐가자 샹치는 친구 케이티(아콰피나)와 함께 연이 끊겼던 동생 샤링(장멍)을 염려하며 그녀가 숨어 지내는 마카오로 찾아간다. 텐 링즈의 마법 같은 힘을 통해 수천년 동안 지구의 역사를 혼란에 빠뜨렸던 웬우는 자신의 아들딸을 다시 불러들여 새로운 계략을 꾸민다.,6665.737,/14L4NGrqO4r7gJtVRiSRP5rNsL5.jpg,2021-09-01,샹치와 텐 링즈의 전설,False,7.9,3379
216,False,/pua7gLu3O5beOq46xQg6BfLzORl.jpg,"[14, 35, 18]",785457,en,Afterlife of the Party,"캐시의 인생은 언제나 파티였다. 짜릿한 날들이 이어졌다. 하지만 너무 일찍, 너무 갑자기 끝나버린 삶. 이제 그녀는 마무리하지 못한 일들을 끝내야 한다. 저 높은 곳으로 올라가기 위해.",53.786,/xVOPiF0o8k44enuo0jFvtNoEmsK.jpg,2021-09-02,저승까지 파티피플!,False,6.9,271
217,False,/r7dJqfmspzVlHYWXBiKn7NP8ZBw.jpg,"[18, 53, 80]",643532,en,The Card Counter,,21.977,/y5DNLVg0gPiGSkuK4yFc4fjQ42Q.jpg,2021-09-03,더 카드 카운터,False,6.5,218
218,False,/849RDhbADVVnhtggR14dDBYejeN.jpg,"[14, 10749, 35]",593910,en,Cinderella,"케이 캐넌('피치 퍼펙트')이 선보이는 '신데렐라'는 고전 동화를 대담하게 재해석한 뮤지컬 영화다. 우리의 야심 넘치는 여주인공(카밀라 카베요)에겐 큰 꿈이 있다. 그녀는 화려한 요정 대모의 도움을 받으며 꿈을 이루기 위해 꿋꿋이 싸워 나간다. '신데렐라'는 이디나 멘젤, 미니 드라이버, 제임스 코든, 니컬러스 갈리친, 빌리 포터, 피어스 브로스넌을 포함한 초호화 배역을 자랑한다.",128.34,/clDFqATL4zcE7LzUwkrVj3zHvk7.jpg,2021-09-03,신데렐라,False,6.7,903
219,False,/1KIWr83GPeO1Z54lndzs2H4OoBe.jpg,"[18, 53]",663260,fr,Boîte noire,,17.277,/jIfFFC4YwiI8TVaGtbl1eT9BRaI.jpg,2021-09-08,블랙 박스,False,7.7,244
220,False,/q8iOIJLvIcz5x38RrLudHQI5644.jpg,"[28, 53, 80]",738652,en,Copshop,"경찰서에 셀프 체크인한 간 큰 두 남자, 그리고 열혈 신입 경찰이 경찰서에 숨겨진 거대한 음모에 휘말리며 벌어지는 액션 영화",35.711,/tdnF84CnAsqVm2eCL8mNbDoAIbM.jpg,2021-09-09,캅샵: 미친놈들의 전쟁,False,6.3,121
221,False,/fyxNrfrFcobLuNCufMhNkQuWorX.jpg,"[878, 28, 53]",581726,en,Infinite,"2009년 출간한 에릭 메이크란츠 《The Reincarnationist Papers》 원작으로 제작된 영화로  수십 세기 환생하며 불멸에 가까운 집단 ""인피니트""를 그리는 이야기.",400.46,/niw2AKHz6XmwiRMLWaoyAOAti0G.jpg,2021-09-09,인피니트,False,6.9,610
222,False,/3cetvzRrg8l94hWwt0rRyaISPMQ.jpg,[53],853588,de,Prey,"하이킹 여행을 떠난 다섯 남자. 숲에서는 이따금 총성이 들려온다. 한 발, 한 발 총성이 조금씩 가까워지고 남자들은 뒤늦게 깨닫는다. 사냥꾼이 노리는 사냥감은 바로 자신들이라는 것을.",79.427,/6D7nfhHI7b9ZvW3m7wVMtBSbC9U.jpg,2021-09-10,사냥감,False,4.6,177
223,False,/byflnwPMumyvrCW9SfO5Miq3647.jpg,"[28, 53]",597891,en,Kate,"무자비한 암살자로 키워진 케이트. 마지막이라 결심한 임무에 실패한다. 누군가 치명적인 독을 먹였기 때문. 죽음까지 남은 시간도, 복수할 수 있는 시간도 단 하루. 그녀가 질주를 시작한다.",230.849,/s3LyA1giMDHNlu0B4GokCsniRlk.jpg,2021-09-10,케이트,False,6.8,772
224,False,/h1coWIfm3mQPS5wLo3odWUzx97u.jpg,"[18, 53]",680531,fr,Le bal des folles,"외제니에겐 독특한 재주가 있다: 죽은 자를 보고 그들의 말을 들을 수 있는 것. 19세기 말 가족이 그 비밀을 알게 되자, 아버지와 남동생은 외제니를 피티에살페트리에르 신경 전문 병원으로 보내고, 벗어날 가망이 없는 그녀의 운명은 병원의 간호사 준비에브의 운명과 얽히게 된다. 두 사람의 만남은 그들의 미래를 바꾸고, 샤르코 박사는 연례 ""광녀들의 무도회""를 준비한다.",62.096,/o9xtEAlNb0wWql0EnT2SmaLZ1qa.jpg,2021-09-12,매드 위민스 볼,False,7.1,131
225,False,/26LIw3oKGPUEGUpb8AXZ64dZZt8.jpg,"[16, 35, 9648, 10751, 14]",843906,en,Straight Outta Nowhere: Scooby-Doo! Meets Courage the Cowardly Dog,,279.964,/uIdMpWrQ30SHPINsy7LcPFloyvO.jpg,2021-09-14,Straight Outta Nowhere: Scooby-Doo! Meets Courage the Cowardly Dog,False,8.3,229
226,False,/n0C4rIhCA9grXzq8NN1CNPDiZXL.jpg,[99],855823,en,Schumacher,"모터스포츠의 살아 있는 전설, 미하엘 슈마허. 포뮬러 원 챔피언 트로피를 7번 거머쥐며 스피드의 대명사가 된 남자. 최초 공개되는 인터뷰와 영상 기록으로 붉은 남작(The Red Baron) 미하엘 슈마허의 인생을 살펴본다. 미하엘 슈마허와 부인 코린나, 동생 랄프 슈마허, 그리고 아들 믹 슈마허와 딸 지나-마리아 등 슈마허 가문이 모두 출연하며, 미하엘 슈마허의 라이벌이었던 미카 하키넨, 데이먼 힐, 데이빗 쿨사드 등 포뮬러 원 드라이버들, 그의 전 보스 루카 디 몬테제몰로, FIA의 장 토드, 버니 에클레스톤을 포함한 포뮬러 원 최고 명사들과의 인터뷰도 포함된다.",28.935,/ucNYfsbX1Z4tjMSr3waxsHMVjve.jpg,2021-09-15,슈마허,False,7.4,187
227,False,/piz0BFUJ4Bro4BFzxxkNpsGCmOd.jpg,"[14, 10751]",739990,en,Nightbooks,무서운 이야기에 푹 빠져 지내는 소년 알렉스. 우연히 마녀의 집에 들어갔다가 갇혀버리고 만다. 매일 밤 무서운 이야기를 들려달라는 마녀의 황당한 요구. 세상에 이런 마녀도 있나요?,182.693,/ysJte1iqN8pFQ470tumnViB1wHP.jpg,2021-09-15,나이트북: 밤의 이야기꾼,False,6.5,193
228,False,/eeijXm3553xvuFbkPFkDG6CLCbQ.jpg,"[878, 12]",438631,en,Dune,"10191년, 아트레이데스 가문의 후계자인 폴은 시간과 공간을 초월해 과거와 미래를 모두 볼 수 있고, 더 나은 미래를 만들 유일한 구원자인 예지된 자의 운명을 타고났다. 그리고 어떤 계시처럼 매일 꿈에서 아라키스의 행성에 있는 한 여인을 만난다. 귀족들이 지지하는 아트레이데스 가문에 대한 황제의 질투는 폴과 그 일족들을 죽음이 기다리는 아라키스로 이끄는데...",1485.963,/wv22frLmCpXDRjKj4MWFwa4eTOK.jpg,2021-09-15,듄,False,8.0,4179
229,False,/g6wufgtycJCP508tlC3crSYFCgC.jpg,"[37, 18]",749274,en,Cry Macho,미 작가인 리차드 내시(1913∼2000)가 1975년 쓴 동명 소설이 원작인 서부극이다. 이스트우드는 극 중 한때 로데오(길들이지 않은 말이나 소를 탄 채 버티거나 길들이는 경기) 스타였던 말 사육자를 연기한다. 아내와 아이를 잃고 절망에 빠진 그가 예전 고용주의 아들을 멕시코에서 텍사스 집으로 데려오는 여정을 그린다.,62.813,/wqaaWAlXgLNGdAemU7wNvFZ70hr.jpg,2021-09-16,크라이 마초,False,6.5,296
230,False,/aQf4zpixyo49dSCYtXsOep3o76T.jpg,[18],468225,en,The Starling,"직장에선 멍하니 넋 놓기 일쑤, 남편은 정신 병원에 입원. 아기를 잃고 무기력하게 살아가던 여자. 어느 날, 정원에 둥지를 튼 찌르레기와 사투를 벌이며 치유의 여정을 시작한다.",48.81,/gPkaPGNbjZCeRurSYGi0JD63DBa.jpg,2021-09-17,릴리와 찌르레기,False,7.3,124
231,False,/yMJBNo0FgTKeh5u9hrUBdUuUdSI.jpg,"[35, 18]",786705,pt,Confissões de Uma Garota Excluída,"똑똑하지만 소심한 테테. 존재감 없던 지난날은 뒤로하고, 새로 전학 간 학교에서 적응하려 애쓴다. 하지만 그런 테테를 못마땅하게 여기는 여왕벌이 있었으니. 테테의 학교생활, 괜찮을까?",144.995,/bGIy308alpX12xdBVsREgsHawQC.jpg,2021-09-22,존재감 없는 소녀의 고백,False,6.9,117
232,False,/oM7AstNYo6eSkgAieXvsIxTPPDv.jpg,[53],785752,en,Intrusion,꿈의 집에 살기 위해 시골 마을로 이사한 부부. 괴한의 침입 이후 아늑했던 집이 생지옥처럼 느껴진다. 침입자에 대해 조사하던 아내 앞에 던져진 소름 돋는 사실. 공포는 지금부터 시작이다.,91.896,/o6ozTBflWXlBje0uxJv4m6s4HTq.jpg,2021-09-22,침입자,False,6.2,304
233,False,/hrzoy8vvUrxQixOM11pwW9AX7Bu.jpg,"[80, 18]",524369,en,The Many Saints of Newark,"HBO의 인기 TV 시리즈 소프라노스의 프리퀄. 디키 몰티산티의 밑에서 일했던 해롤드 맥브레이어가 뉴어크의 도박 사업을 독차지하기 위해 전쟁을 일으키기로 결심하면서 벌어지는 마피아와 흑인 갱단 간의 갈등, 그리고 소프라노스의 주인공 토니 소프라노가 어떻게 마피아의 세계에 발을 들여 놓게 되었는지 그 비하인드 스토리를 다룬다. 본편에서 사망한 크리스토퍼 몰티산티의 묘비를 비추며 사후세계에 있는 크리스토퍼의 나레이션으로 크리스토퍼의 아버지 디키, 삼촌 토니, 할아버지 딕을 소개하며 이야기가 시작된다. 디키의 아버지 할리우드 딕은 정식 조직원은 아니지만 뉴저지 디메오 패밀리에서 제일 많은 돈을 벌어다 상납하는 잘나가는 갱스터로 이탈리아 여행에서 아름다운 젊은 여성 주세피나와 결혼해 돌아온다.",330.743,/dVoQSUomKuv12BUpuWTjaPThmyO.jpg,2021-09-22,더 매니 세인츠 오브 뉴어크,False,6.8,226
234,False,/ugukqzx4gSzBd1yzmbWEHLkpGaS.jpg,"[16, 10751, 14, 35, 10402, 12]",597316,en,My Little Pony: A New Generation,"함께 할 때 가장 빛나는 우리! 반짝이는 희망을 찾아, 임무를 시작해볼까? 포니, 페가수스, 유니콘이 함께 조화를 이루며 살던 이퀘스트리아. 하지만 평화가 사라져버린 그곳, 신비로운 마법의 힘마저 잃었다. 예전처럼 모두가 친구가 될 수 있다고 믿는 어스 포니 ‘써니’에게 신비한 뿔을 가진 유니콘 ‘이지’가 나타나고, 운명처럼 친구가 된 둘은 잃어버린 이퀘스트리아의 마법과 우정을 되찾기 위해 머나먼 모험을 떠나는데... 과연, 친구들은 사라진 마법의 힘을 되찾을 수 있을까?",238.238,/hPZXA7F7ZTcqbXXj8wg66RBRFyK.jpg,2021-09-23,극장판 마이 리틀 포니: 새로운 희망,False,8.1,139
235,False,/gBoHwdz3d2jjlb9wXo0BcecGXY.jpg,"[80, 18, 53]",800305,pt,O Menino Que Matou Meus Pais,,63.341,/rZDEY4IztUVky6hEjGFfqKE4hiu.jpg,2021-09-24,O Menino Que Matou Meus Pais,False,6.4,122
236,False,/6RSmdzLx5Y975kKREVfa1KdCYMS.jpg,"[80, 18, 53]",608804,pt,A Menina Que Matou os Pais,,66.597,/rARhJwdW2cAeh8tgdc7WZqs2nZ1.jpg,2021-09-24,A Menina Que Matou os Pais,False,6.5,139
237,False,/5wPWgTvdoVKW6ICeEAg86IBJOBW.jpg,[53],567748,en,The Guilty,"911 전화 교환원으로 좌천된 경찰관. 심각한 위험에 처한 누군가가 전화를 걸어오자, 그녀를 구하기 위한 추적에 매달린다. 수화기 너머의 진실이 밝혀지고 심판의 순간이 올 때까지.",80.154,/m8aR1k35oZMOzZ1kYWUyt401mwq.jpg,2021-09-24,더 길티,False,6.5,1127
238,False,/uWbP41poWgP0f7sgAQTf6UeRtwg.jpg,"[27, 53]",753453,en,V/H/S/94,,47.819,/9fSogEkqDfJQTuGHsTFloQz3Tw8.jpg,2021-09-26,V/H/S/94,False,6.6,140
239,False,/8Df8Wsstu76Wr8cTPfNHrSveVe6.jpg,"[10749, 35]",869617,fr,Friendzone,썸 타는 관계가 늘 우정으로 진전되는 바람에 여사친만 잔뜩인 티보. 로즈라는 여자를 만나 서로 호감을 느끼자 다시 한번 희망을 품는다. 이번에는 그냥 친구에서 남자 친구로 갈 수 있을까?,41.822,/9f8ysQI4X0XLhUJqKOZy9XUfSUv.jpg,2021-09-29,영원한 남사친,False,6.3,121
240,False,/yO2LFaO62SoM1ZuOq26hWLF1TQ4.jpg,"[27, 53, 9648]",740925,en,No One Gets Out Alive,"절박한 심정으로 미국에 밀입국한 멕시코 여성. 허름한 클리블랜드 하숙집에 묵으면서 섬뜩한 환영에 시달린다. 수상한 집주인, 불길한 울음소리, 알 수 없는 형체까지. 이곳엔 무언가가 있다.",171.896,/bZUostLcCZYgcuBuAjmuSkBggiQ.jpg,2021-09-29,아무도 살아서 나갈 수 없다,False,6.1,238
241,False,/u5Fp9GBy9W8fqkuGfLBuuoJf57Z.jpg,"[12, 28, 53]",370172,en,No Time to Die,"MI6를 떠난 이후 매들린(레아 세두)과 이탈리아의 오랜 도시 마테라에서 평화로운 일상을 즐기던 제임스 본드(대니엘 크레이그).  어느 날 CIA 요원 펠릭스(제프리 라이트)가 찾아와 선별적 DNA 공격이 가능한 새로운 형태의 생화학 무기 유출을 알린다. 위험에 처한 전 세계를 구하기 위해 복귀하게 된 제임스 본드는 임무를 수행하는 과정에서 새로운 MI6 요원 노미(라샤나 린치)를 만나고, 모든 사건의 배후에 운명으로 얽혀 있는 최악의 적 사핀(라미 말렉)이 존재한다는 것을 알아낸다. 위험천만한 위기 속, 감춰져 있던 비밀이 밝혀지면서 작전은 점점 더 예측할 수 없는 상황으로 치닫게 되는데...",3491.344,/68ZwnPALUeweaFdT1z75oXJ4Xie.jpg,2021-09-29,007 노 타임 투 다이,False,7.6,2033
242,False,/70nxSw3mFBsGmtkvcs91PbjerwD.jpg,"[878, 28, 12]",580489,en,Venom: Let There Be Carnage,연쇄살인마 클리터스 캐서디(우디 해럴슨)가 사형선고를 받는다. 죽을 생각이 전혀 없는 클리터스는 자신의 집행일을 연기할 목적으로 마지막 증언을 남기겠다며 탐사보도로 유명한 프리랜스 저널리스트 에디를 지목한다. 베놈을 얻는 대신 직장과 연인을 모두 잃고 폐인처럼 생활하던 에디는 클리터스와의 단독 인터뷰를 통해 다시 한번 저널리스트로서 재기할 수 있는 기회를 얻는다. 클리터스가 던져주는 수많은 단서로 인해 미결로 남아 있던 살인사건을 추가로 밝히는 데 성공한 에디는 제일 먼저 앤에게 달려가지만 전편에서 에디의 몸에 베놈이 산다는 것을 알게 된 그녀는 새로운 연인 댄 박사(레이드 스콧)와 결혼을 선언한다. 평정심을 잃은 에디는 클리터스와의 인터뷰 중 실수로 클리터스가 새로운 빌런 카니지로 거듭나는 빌미를 제공하고 마는데...,4141.331,/1Lh9LER4xRQ3INFFi2dfS2hpRwv.jpg,2021-09-30,베놈 2: 렛 데어 비 카니지,False,6.8,2039
243,False,/f53Jujiap580mgfefID0T0g2e17.jpg,"[10751, 16, 878, 35]",857702,en,LEGO Star Wars Terrifying Tales,"할로윈 시즌에 맞춰 스타워즈 세계의 무시무시한 어두운 면의 이야기를 전한다. 화산 행성 무스타파에 불시착한 포와 BB-8은 다스 베이더의 오싹한 옛 성에서 도움을 구하고자 한다. 그곳에서 비열한 헛과 용기 있는 정비사, 다스 베이더의 옛 하인인 바네를 만나고, 바네는 고대 유물과 스타워즈 시대의 유명한 악당들과 관련된 무시무시한 이야기 세 편을 들려준다.",185.923,/7gK3zcuuMuCmWiRtWaFNuV8RWRW.jpg,2021-10-01,LEGO 스타워즈 무시무시한 이야기,False,6.8,107
244,False,/wfrfxivLOBtGMC98tIr2LSOeKSe.jpg,"[16, 12, 35, 10751]",639721,en,The Addams Family 2,"평범함과는 거리가 먼 호러블리 아담스 패밀리에게 닥친 최대 위기.  아이들은 사춘기에 접어들고, 권태로운 가족 분위기에 위기를 느낀 아빠 ‘고메즈’와 엄마 ‘모티시아’는 가족들의 화합을 위해 나이아가라 폭포에서 그랜드 캐니언까지 미국을 가로지르는 가족 여행을 떠난다. 하지만, 어쩐지 태생부터 남달랐던 ‘웬즈데이’의 놀라운 비밀이 밝혀지면서 ‘웬즈데이’의 사춘기는 절정에 이르고, 아담스 패밀리의 여행은 점점 더 신나고, 점점 더 절망적인 상황으로 치닫는데…",719.97,/oF80bdLeRri6PFm0yAT0gRNQoDG.jpg,2021-10-01,아담스 패밀리 2,False,7.3,609
245,False,/wr9SO2c23alWUMSMudwnOzLoXWE.jpg,"[27, 53, 9648]",512025,en,There's Someone Inside Your House,고등학교 졸업반 소녀(시드니 박)와 친구들에게 가면을 쓴 살인마가 접근한다. 이들의 가장 어두운 비밀을 알고 있는 살인마. 그 비밀을 하나씩 폭로하며 목숨을 위협해오기 시작한다,159.154,/GaPJQscaH4MtYQTbJyWjCUIho8.jpg,2021-10-06,네 집에 누군가 있다,False,5.7,274
246,False,/qFwVp1IBcP9GhWwJlzYxZKO0lXd.jpg,"[18, 36]",655082,fr,Eiffel,,11.15,/7JrT2FAv4WMZEPXFR9wXWqsyAvl.jpg,2021-10-07,Eiffel,False,6.3,136
247,False,/q4h2ZbhHKhnWvrrqzcjT778zlbn.jpg,"[16, 878, 14, 28]",831405,en,Injustice,,370.077,/iy3Q3QcarTjvsE5ZzPCABZLH4mJ.jpg,2021-10-09,인저스티스,False,8.0,372
248,False,/4BOgSGwEEHZuDhiHUOsrXaJBqoc.jpg,"[28, 18, 36]",617653,en,The Last Duel,"부조리한 권력과 야만의 시대, 14세기 프랑스. 유서 깊은 카루주 가의 부인 마르그리트는 남편 장이 집을 비운 사이, 불시에 들이닥친 장의 친구 자크에게 씻을 수 없는 모욕을 당한다. 용서받지 못할 짓을 저지른 자크는 마르그리트에게 침묵을 강요하지만, 마르그리트는 자신이 입을 여는 순간 감내해야 할 불명예를 각오하고 용기를 내어 자크의 죄를 고발한다.",89.248,/zPDY58lk0YIxr9qsnGV64PEnjkI.jpg,2021-10-13,라스트 듀얼: 최후의 결투,False,7.6,421
249,False,/fuuZFPc8x6gQ8mLGoBp9vrmcQMT.jpg,"[27, 53]",610253,en,Halloween Kills,"할로윈 밤의 살아 있는 공포 ‘마이클 마이어스’로 인해 오래도록 고통받으며 살아온 ‘로리 스트로드’ 그녀는 딸 ‘캐런’, 손녀 ‘앨리슨’과 함께 ‘마이클’을 자신의 집 지하실에 가두고 불을 지르는 데 성공한다. 하지만 모든 것이 끝났음을 실감하기도 잠시, 그가 지하실을 탈출했다는 절망적인 소식을 듣게 되고 이어 ‘마이클’의 살인이 벌어지면서 해든필드 주민들은 또 다시 공포와 혼란에 빠진다. 더 이상의 피해를 막기 위해 ‘로리 스트로드’와 ‘캐런’, ‘앨리슨’은 해든필드 주민들과 그를 사냥하기 위한 추적을 시작하는데… “악마는 오늘 밤 죽는다!”",599.788,/87R745i8LjYlHLEPoVUswZCFwQb.jpg,2021-10-14,할로윈 킬즈,False,6.9,1247
250,False,/dgA83HDYm9SjfeiGT5AGlJpPPkj.jpg,"[80, 18]",747688,it,Yara,13세 소녀의 실종 사건을 맡은 검사. 진실을 파헤쳐 사건을 해결할 수만 있다면 못할 것이 없다. 실제 사건에 기반한 영화.,149.372,/qRllCnVXSfOH665gWxOL4V6cj8b.jpg,2021-10-18,야라,False,6.3,161
251,False,/zpqAzcQSbFaCscSjSpz2Fv8qSXC.jpg,[35],785516,fr,8 Rue de l'Humanité,팬데믹으로 봉쇄령이 내려진 파리. 하나둘 피신을 하고 도시는 스산하기만 한데. 여기 뤼마니테 거리 8번지 아파트엔 아직 사람이 산다. 걱정과 위로 그리고 웃음을 나누는 일곱 가족의 이야기,109.23,/siRIgKDX920Nqu1jWDGMNxykqwN.jpg,2021-10-20,뤼마니테 8번지,False,6.1,174
252,False,/mzulkJNDNasq6KyoNm03uaJVZSL.jpg,"[27, 53, 14]",669671,en,Night Teeth,"핫한 파티장까지 안전히 모시겠습니다! 아름다운 두 여성을 승객으로 태운 운전기사. 그런데 이 둘, 왠지 모르게 수상하다. 불길한 예감은 정확한 법. 오늘 밤, 살기 위한 발악이 펼쳐진다.",243.762,/8hhIyzFhz94DSfkldF0UN0yNh8V.jpg,2021-10-20,나이트 티스,False,6.7,334
253,False,/7OcRErUXXdAVAHg6y5cjn56ivtu.jpg,"[27, 9648, 53]",576845,en,Last Night in Soho,"패션 디자이너의 꿈을 안고 런던 소호로 온 엘리는 매일 밤 꿈에서 1960년대 소호의 매혹적인 가수 샌디를 만나게 되고, 그녀에게 매료된다. 엘리는 샌디에게 화려한 삶이 펼쳐질 것이라 생각했지만 꿈은 점점 악몽이 되어가고 샌디는 누군가에게 살해당하고 만다. 유일한 목격자가 된 엘리, 샌디를 죽인 범인은 엘리의 시간 속에 살고 있다.",489.888,/mkBI6hLvE3ahWUODvR72Mw5qxkF.jpg,2021-10-21,라스트 나잇 인 소호,False,7.5,432
254,False,/zsmTFn1Y2ulNd2njTjDbIhYwmkx.jpg,"[18, 35, 10749]",542178,en,The French Dispatch,"20세기 초 프랑스에 위치한 오래된 가상의 도시 블라제, 다양한 사건의 희로애락을 담아내는 미국 매거진 프렌치 디스패치. 어느 날, 갑작스러운 편집장의 죽음으로 최정예 저널리스트들이 한자리에 모이고 마지막 발행본에 실을 4개의 특종에 대한 이야기를 시작하는데…",76.69,/lwctwdGXVy1HH4JhHBizIcJe7Oq.jpg,2021-10-21,프렌치 디스패치,False,7.4,532
255,False,/d0mpUFKzoPwF1KsdjHpkkaYSvKm.jpg,[37],618162,en,The Harder They Fall,"황야의 무법자 냇 러브(조너선 메이저스)는 숙적 루퍼스 벅(이드리스 엘바)이 출소한다는 소식에 흩어졌던 팀을 불러 모아 미뤄뒀던 복수를 다시 시작한다. 이 계획에 함께 뛰어든 이들은 옛 연인 '역마차' 메리(자시 베츠), ‘왼팔이자 오른팔’인 성질 나쁜 빌 피켓(에디 가세기)과 빠른 총잡이 짐 벡워스(RJ 사일러) 그리고 어제의 적에서 오늘의 아군으로 돌아선 미지의 인물 등이 있다. 하지만 루퍼스 벅 일당도 만만치 않다. 위험천만한 트루디 스미스(레지나 킹), 체로키 빌(러키스 스탠필드) 같은 사전에 패배란 없는 무시무시한 강자들이 합류해 힘을 보탠다.",1325.696,/dv8KHbhCTqPZ1qfuf8XZRiY5a6f.jpg,2021-10-22,더 하더 데이 폴,False,6.8,332
256,False,/9CyFLGfeDOrOOPouHp446T5MSNi.jpg,"[53, 18, 27]",864873,en,Hypnotic,"파혼과 실직으로 인해 불행한 나날을 보내며 방황하는 젠. 심리 상담사의 제안으로 최면 치료를 받고 인생의 주도권을 되찾지만, 뒤늦게 깨닫는다. 자신이 죽음의 올가미에 걸려들었다는 것을",366.241,/miEj4kNc4efZ5WbPJqWl1UXWrvS.jpg,2021-10-27,잠든 여인,False,6.2,260
257,False,/mu8RKavbv7Ml48twHQ6XVk7zw8e.jpg,"[28, 80, 53]",796499,en,Army of Thieves,"작은 도시의 은행원에게 미스터리의 여인이 접근한다. 그녀가 건넨 위험한 제안. 철통같기로 이름난 유럽 전역의 금고를 털자는 것이다. ""아미 오브 더 데드""의 프리퀄.",1272.141,/iPTZGFmPs7HsXHYxiuxGolihjOH.jpg,2021-10-27,아미 오브 더 데드: 도둑들,False,7.0,757
258,False,/5RVY1OSxzVj4jEjC94559N64KxU.jpg,"[12, 28, 878, 18]",571468,it,Freaks Out,"'Freaks'는 다름 아닌 서커스단의 일원인 늑대인간, 곤충 조련사, 인간 다이너모 등이다. 가족처럼 의지하며 순회공연을 하던 이들은 전쟁에 휘말리면서 강제적으로 해체되지만, 결국 파시스트와 대항해 싸우는 슈퍼히어로로 거듭난다. 이 소그룹의 운명은 유대인 추방과도 깊게 연관되어 있다. (제26회 부산국제영화제)",12.457,/eddurPvOteKaHxSctJtikdWcG9o.jpg,2021-10-28,프릭스 아웃,False,7.6,271
259,False,/pVAWkob7vrviUJ0RIextyl5tGXF.jpg,"[27, 9648, 53]",609972,en,Paranormal Activity: Next of Kin,,44.512,/VWLIJBn5UdSV0osmnF7JAwfWSE.jpg,2021-10-29,파라노말 액티비티: 넥스트 오브 킨,False,6.7,113
260,False,/lyvszvJJqqI8aqBJ70XzdCNoK0y.jpg,"[28, 12, 878]",524434,en,Eternals,"수 천년에 걸쳐 그 모습을 드러내지 않고 살아온 불멸의 히어로들이 ""어벤져스: 엔드게임"" 이후 인류의 가장 오래된 적 '데비안츠'에 맞서기 위해 다시 힘을 합치면서 벌어지는 이야기",1835.483,/aNtAP8ZzUMdnCPoqYgVOcgI0Eh4.jpg,2021-11-03,이터널스,False,7.1,1136
261,False,/oE6bhqqVFyIECtBzqIuvh6JdaB5.jpg,"[878, 18, 12]",522402,en,Finch,"감마 플레어가 오존층을 파괴하고 전자기 펄스가 모든 전기를 흡수하면서 지상은 황폐화되고 대부분의 인류는 사망한 가까운 미래. 살아남은 소수의 인류는 자외선과 고온을 피해 밤에 활동하고, 먹을 것과 생필품을 구하기 위해 잔인한 본성을 드러낸다. 살아남은 TAE 테크놀로지의 과학자 핀치 와인버그(톰 행크스)는 사랑하는 개 굿이어와 함께 미주리의 폐허 속에서 먹을 것과 생필품을 찾는다. 병들어 죽음을 앞두고 있는 핀치는 굿이어를 돌봐줄 수 있는 인공지능 로봇을 만들고 데이터를 업로드한다. 얼마 후 40일간 지속되는 거대한 폭풍이 핀치의 은신처로 다가오자, 핀치는 안드로이드와 굿이어, 그리고 운반 로봇 듀이와 함께 트럭을 타고 급히 서쪽 샌프란시스코로 향하는데...",2620.508,/jKuDyqx7jrjiR9cDzB5pxzhJAdv.jpg,2021-11-04,핀치,False,8.2,1100
262,False,/dK12GIdhGP6NPGFssK2Fh265jyr.jpg,"[28, 35, 80, 53]",512195,en,Red Notice,"인터폴이 중범죄 피의자를 대상으로 내리는 전 세계적 경보인 레드 노티스. 세계 곳곳에서 지명 수배범을 추적하고 체포하는 것이 그 목적이다. 어느 날 초유의 도난 사건이 발생하고, 그로 인해 FBI 최고의 프로파일러(드웨인 존슨)가 라이벌 관계의 두 범죄자(갤 가돗, 라이언 레이놀즈)와 만나면서 모든 게 엇나가기 시작한다. 늘 한발 앞서 도망치는 사기꾼을 잡기 위해 그들은 어쩔 수 없이 싫어도 이를 악물고 힘을 합쳐야 한다. 이제 무슨 일이 일어날지 그 누구도 장담할 수 없다.",6263.951,/gG06Uu6UQseYaPx1RU2PQjFEUKK.jpg,2021-11-04,레드 노티스,False,6.9,1200
263,False,/pa0Mq5rGm2QnzdpFmugTu4Mghf.jpg,"[35, 10749]",734265,en,Love Hard,"기나긴 데이트 경력에도 연애 운이 따라주지 않는 여자. 이번엔 완벽한 짝을 찾았다. 9시간 비행? 운명의 상대를 만나려면 그쯤이야. 근데 드디어 나타난 남자, 사진 속 그 남자가 아니다?",105.717,/oTkAFDZRLnqrXOrOwuy3Tvul0v5.jpg,2021-11-05,러브 하드,False,7.2,558
264,False,/zBkHCpLmHjW2uVURs5uZkaVmgKR.jpg,"[16, 35, 10751]",585245,en,Clifford the Big Red Dog,"뉴욕의 아파트로 이사 온 12살 소녀 에밀리. 새로운 학교에 고군분투하는 에밀리를 바쁜 엄마는 출장을 가면서 철없는 삼촌 케이시에게 맡기고 떠난다.  마법 동물 구조 센터를 지나던 에밀리는 운명처럼 작고 빨간 강아지를 만나게 되고, 우여곡절 끝에 함께하게 된다. 하지만 기쁨도 잠시, 작고 빨간 강아지 클리포드는 하루 아침에 3M가 넘게 커져버려 순식간에 뉴욕의 유명인사가 되어버린다. 엄마가 오기 전 클리포드를 되돌리려는 에밀리와 클리포드를 유전학 사업에 이용하려는 기업까지 뒤쫓으며 클리포드는 위험에 빠지고 마는데..!",3269.139,/mJwwkMKeR5XgHwexw9SJa6CiZY2.jpg,2021-11-10,클리포드 더 빅 레드 독,False,7.8,170
265,False,/91QwoxKUhkSmTHbhBdlb3IRkRgf.jpg,"[18, 10402]",537116,en,"tick, tick...BOOM!","뉴욕시에서 식당 웨이터로 일하는 한편, 명작을 쓰겠다는 희망으로 창작에 매진하는 뮤지컬 작곡가. 서른 살 생일과 중요 공연을 앞두고 심적 압박을 받는 상황에서도 사랑과 우정을 헤쳐나간다.",86.808,/avrVnMZhV4mYS1uH3hYld4WkvmL.jpg,2021-11-11,"틱, 틱... 붐!",False,8.1,114
266,False,/qknLmBKDyjGMC40b7ZehqdfIi2A.jpg,"[35, 14]",425909,en,Ghostbusters: Afterlife,"할아버지의 갑작스런 죽음으로 이사하게 된 트레버, 피비 남매는 남겨진 집에서 의문의 현상과 수상한 물건들을 마주한다. 집뿐 아니라 마을 전체가 설명할 수 없는 미스터리한 현상이 연이어 발생하는 가운데, 교사로 위장 취업한 지질학자 그루버슨과 이들은 세상의 종말과 관련된 비밀을 쫓기 시작하는데…",672.799,/in2aUEUaFxBJZniu9qZh5P9s1Tw.jpg,2021-11-11,고스트버스터즈 라이즈,False,7.7,100
267,False,/t9i5kSC6mYPRtc9hDlFeziLESa8.jpg,"[16, 35, 10751, 14]",876716,en,Ciao Alberto,디즈니 픽사 애니메이션 영화 [루카]의  속편으로 제작된  시퀄 단편영화,1856.501,/buq1OIx6nGsknTy2cHxWTqKXVB.jpg,2021-11-12,챠오 알베르토,False,7.7,162
268,False,/4gKxQIW91hOTELjY5lzjMbLoGxB.jpg,"[28, 53, 878]",763164,en,Apex,"상류층 부자들은 현실과 가상이 뒤섞인 에이펙스 섬에 모여 거액의 돈을 지불하고 인간 사냥을 즐긴다. 그 때, 무기징역을 받고 평생 감옥에 갇혀 살아야 했던 멀론이 그들의 사냥감으로 선택되는데 6명의 사냥꾼들은 멀론의 노쇠한 외모를 보고 그의 실력을 믿지 않는다. 전직 경찰로 웬만한 특수 요원보다 죽을 고비를 더 많이 넘겼던 멀론… 완전무장한 사냥꾼들로부터 살아남기 위해 완벽한 생존 전략을 세워야 하는데…",1863.698,/chTkFGToW5bsyw3hgLAe4S5Gt3.jpg,2021-11-12,에이펙스,False,5.7,183
269,False,/a8tH0jl37366bLVyPB08dncgqqd.jpg,"[10751, 35, 28]",654974,en,Home Sweet Home Alone,"연말연시, 가족들은 모두 일본으로 여행을 오지만, 10살 꼬마인 맥스 머서는 실수로 인해 그만 홀로 집에 남겨진다. 한편 귀중한 가보를 뒤찾기 위해 안간힘을 쓰는 부부가 맥스의 집을 노리게 되고, 맥스는 혼자 힘으로 집을 지켜 내야 한다. 맥스는 무단 침입자들을 막아 내기 위해서라면 무엇이든 할 각오가 되어 있다. 배꼽 잡는 대형 사고들이 쉴 새 없이 터지는 가운데, 맥스는 따뜻한 집만큼 좋은 곳은 없다는 사실을 깨닫는다.",1452.553,/96pEpPxeHP8LRzhNVy9Li19yKCL.jpg,2021-11-12,나 홀로 즐거운 집에,False,5.6,154
